r (m)	Te (eV)	Ti (eV)	ne (m^-3)	ni (m^-3)	nCI (m^-3)	nCII (m^-3)	nCIII (m^-3)	nCIV (m^-3)	nCV (m^-3)	nCVI (m^-3)	nCVII (m^-3)	n0 (m^-3)	pi (kPa)	p (kPa)
0.001	660.19	247.71	1.998670000E+19	1.597334877E+19	0.000000000E+00	1.337958966E+11	1.431833311E+12	2.475299652E+13	3.930176261E+15	3.463489689E+16	1.620934067E+17	1.300000000E+15	633.9335167633	4.434140000E+00
0.002	660.18	247.73	1.998740000E+19	1.597307665E+19	4.518500000E-05	1.340704285E+11	1.433337188E+12	2.481441340E+13	3.930410634E+15	3.460940755E+16	1.620632489E+17	1.301640000E+15	633.9710481077	4.434040000E+00
0.003	660.17	247.74	1.998800000E+19	1.597276863E+19	9.050700000E-05	1.343458081E+11	1.434845999E+12	2.487613785E+13	3.930651398E+15	3.458502984E+16	1.620328395E+17	1.303290000E+15	634.0052512576	4.433890000E+00
0.004	660.16	247.76	1.998850000E+19	1.597242456E+19	1.359670000E-04	1.346220390E+11	1.436359766E+12	2.493817177E+13	3.930898715E+15	3.456173088E+16	1.620021766E+17	1.304950000E+15	634.0361200700	4.433670000E+00
0.005	660.14	247.78	1.998880000E+19	1.597204426E+19	1.815660000E-04	1.348991246E+11	1.437878511E+12	2.500051704E+13	3.931152745E+15	3.453947848E+16	1.619712582E+17	1.306630000E+15	634.0636472404	4.433390000E+00
0.006	660.12	247.79	1.998910000E+19	1.597162758E+19	2.273040000E-04	1.351770685E+11	1.439402256E+12	2.506317556E+13	3.931413657E+15	3.451824108E+16	1.619400824E+17	1.308320000E+15	634.0878266852	4.433050000E+00
0.007	660.11	247.81	1.998920000E+19	1.597117437E+19	2.731810000E-04	1.354558743E+11	1.440931023E+12	2.512614926E+13	3.931681619E+15	3.449798781E+16	1.619086470E+17	1.310030000E+15	634.1086523509	4.432640000E+00
0.008	660.08	247.82	1.998930000E+19	1.597068449E+19	3.191990000E-04	1.357355454E+11	1.442464834E+12	2.518944005E+13	3.931956806E+15	3.447868841E+16	1.618769499E+17	1.311760000E+15	634.1261186111	4.432170000E+00
0.009	660.06	247.84	1.998930000E+19	1.597015779E+19	3.653570000E-04	1.360160856E+11	1.444003712E+12	2.525304990E+13	3.932239395E+15	3.446031327E+16	1.618449893E+17	1.313490000E+15	634.1402194731	4.431640000E+00
0.010	660.03	247.85	1.998910000E+19	1.596959415E+19	4.116560000E-04	1.362974984E+11	1.445547678E+12	2.531698075E+13	3.932529567E+15	3.444283342E+16	1.618127629E+17	1.315250000E+15	634.1509501663	4.431050000E+00
0.011	660.01	247.86	1.998890000E+19	1.596899344E+19	4.580980000E-04	1.365797875E+11	1.447096756E+12	2.538123458E+13	3.932827509E+15	3.442622049E+16	1.617802687E+17	1.317020000E+15	634.1583055537	4.430390000E+00
0.012	659.98	247.87	1.998850000E+19	1.596835554E+19	5.046810000E-04	1.368629565E+11	1.448650969E+12	2.544581339E+13	3.933133409E+15	3.441044673E+16	1.617475045E+17	1.318800000E+15	634.1622809267	4.429670000E+00
0.013	659.94	247.88	1.998810000E+19	1.596768032E+19	5.514080000E-04	1.371470090E+11	1.450210338E+12	2.551071916E+13	3.933447461E+15	3.439548499E+16	1.617144684E+17	1.320600000E+15	634.1628712109	4.428890000E+00
0.014	659.91	247.89	1.998750000E+19	1.596696769E+19	5.982790000E-04	1.374319488E+11	1.451774888E+12	2.557595392E+13	3.933769863E+15	3.438130872E+16	1.616811580E+17	1.322410000E+15	634.1600729521	4.428050000E+00
0.015	659.87	247.90	1.998690000E+19	1.596621753E+19	6.452930000E-04	1.377177796E+11	1.453344641E+12	2.564151970E+13	3.934100817E+15	3.436789195E+16	1.616475714E+17	1.324240000E+15	634.1538815362	4.427140000E+00
0.016	659.84	247.91	1.998620000E+19	1.596542974E+19	6.924530000E-04	1.380045051E+11	1.454919620E+12	2.570741854E+13	3.934440528E+15	3.435520930E+16	1.616137063E+17	1.326090000E+15	634.1442931754	4.426180000E+00
0.017	659.79	247.92	1.998540000E+19	1.596460423E+19	7.397580000E-04	1.382921290E+11	1.456499849E+12	2.577365251E+13	3.934789207E+15	3.434323594E+16	1.615795605E+17	1.327950000E+15	634.1313045109	4.425140000E+00
0.018	659.75	247.93	1.998450000E+19	1.596374090E+19	7.872090000E-04	1.385806551E+11	1.458085351E+12	2.584022367E+13	3.935147070E+15	3.433194763E+16	1.615451318E+17	1.329830000E+15	634.1149118190	4.424050000E+00
0.019	659.71	247.93	1.998350000E+19	1.596283967E+19	8.348060000E-04	1.388700873E+11	1.459676150E+12	2.590713414E+13	3.935514336E+15	3.432132067E+16	1.615104182E+17	1.331730000E+15	634.0951122026	4.422900000E+00
0.020	659.66	247.94	1.998240000E+19	1.596190046E+19	8.825510000E-04	1.391604292E+11	1.461272270E+12	2.597438600E+13	3.935891228E+15	3.431133190E+16	1.614754172E+17	1.333640000E+15	634.0719027971	4.421680000E+00
0.021	659.61	247.94	1.998120000E+19	1.596092318E+19	9.304430000E-04	1.394516848E+11	1.462873734E+12	2.604198137E+13	3.936277977E+15	3.430195872E+16	1.614401267E+17	1.335570000E+15	634.0452803730	4.420400000E+00
0.022	659.56	247.95	1.998000000E+19	1.595990777E+19	9.784840000E-04	1.397438578E+11	1.464480566E+12	2.610992241E+13	3.936674815E+15	3.429317905E+16	1.614045445E+17	1.337510000E+15	634.0152429253	4.419050000E+00
0.023	659.50	247.95	1.997860000E+19	1.595885415E+19	1.026674000E-03	1.400369522E+11	1.466092791E+12	2.617821126E+13	3.937081981E+15	3.428497134E+16	1.613686683E+17	1.339480000E+15	633.9817876870	4.417650000E+00
0.024	659.45	247.95	1.997720000E+19	1.595776225E+19	1.075014000E-03	1.403309718E+11	1.467710433E+12	2.624685008E+13	3.937499719E+15	3.427731456E+16	1.613324957E+17	1.341450000E+15	633.9449123213	4.416180000E+00
0.025	659.39	247.95	1.997570000E+19	1.595663202E+19	1.123504000E-03	1.406259206E+11	1.469333517E+12	2.631584107E+13	3.937928277E+15	3.427018818E+16	1.612960246E+17	1.343450000E+15	633.9046153187	4.414650000E+00
0.026	659.33	247.96	1.997410000E+19	1.595546340E+19	1.172145000E-03	1.409218024E+11	1.470962066E+12	2.638518642E+13	3.938367908E+15	3.426357217E+16	1.612592526E+17	1.345460000E+15	633.8608948054	4.413060000E+00
0.027	659.27	247.96	1.997240000E+19	1.595425633E+19	1.220937000E-03	1.412186213E+11	1.472596106E+12	2.645488835E+13	3.938818872E+15	3.425744702E+16	1.612221773E+17	1.347490000E+15	633.8137489407	4.411410000E+00
0.028	659.20	247.96	1.997060000E+19	1.595301076E+19	1.269882000E-03	1.415163811E+11	1.474235662E+12	2.652494909E+13	3.939281433E+15	3.425179369E+16	1.611847964E+17	1.349540000E+15	633.7631763141	4.409690000E+00
0.029	659.14	247.95	1.996880000E+19	1.595172665E+19	1.318979000E-03	1.418150859E+11	1.475880758E+12	2.659537090E+13	3.939755859E+15	3.424659363E+16	1.611471076E+17	1.351610000E+15	633.7091759457	4.407920000E+00
0.030	659.07	247.95	1.996690000E+19	1.595040395E+19	1.368230000E-03	1.421147397E+11	1.477531419E+12	2.666615603E+13	3.940242427E+15	3.424182875E+16	1.611091085E+17	1.353690000E+15	633.6517464911	4.406080000E+00
0.031	659.00	247.95	1.996490000E+19	1.594904261E+19	1.417635000E-03	1.424153465E+11	1.479187671E+12	2.673730677E+13	3.940741416E+15	3.423748144E+16	1.610707967E+17	1.355800000E+15	633.5908866397	4.404180000E+00
0.032	658.92	247.95	1.996280000E+19	1.594764261E+19	1.467194000E-03	1.427169104E+11	1.480849540E+12	2.680882543E+13	3.941253113E+15	3.423353454E+16	1.610321698E+17	1.357920000E+15	633.5265963056	4.402220000E+00
0.033	658.85	247.94	1.996060000E+19	1.594620390E+19	1.516909000E-03	1.430194355E+11	1.482517051E+12	2.688071431E+13	3.941777809E+15	3.422997137E+16	1.609932254E+17	1.360060000E+15	633.4588742444	4.400190000E+00
0.034	658.77	247.94	1.995840000E+19	1.594472646E+19	1.566780000E-03	1.433229258E+11	1.484190229E+12	2.695297575E+13	3.942315802E+15	3.422677566E+16	1.609539611E+17	1.362210000E+15	633.3877204369	4.398110000E+00
0.035	658.69	247.93	1.995610000E+19	1.594321026E+19	1.616808000E-03	1.436273855E+11	1.485869100E+12	2.702561210E+13	3.942867396E+15	3.422393160E+16	1.609143743E+17	1.364390000E+15	633.3131345001	4.395960000E+00
0.036	658.61	247.93	1.995370000E+19	1.594165526E+19	1.666993000E-03	1.439328187E+11	1.487553691E+12	2.709862573E+13	3.943432901E+15	3.422142382E+16	1.608744627E+17	1.366590000E+15	633.2351156868	4.393760000E+00
0.037	658.52	247.92	1.995120000E+19	1.594006146E+19	1.717336000E-03	1.442392295E+11	1.489244027E+12	2.717201903E+13	3.944012632E+15	3.421923737E+16	1.608342238E+17	1.368800000E+15	633.1536648726	4.391490000E+00
0.038	658.44	247.91	1.994870000E+19	1.593842882E+19	1.767837000E-03	1.445466223E+11	1.490940136E+12	2.724579439E+13	3.944606911E+15	3.421735770E+16	1.607936550E+17	1.371030000E+15	633.0687813771	4.389160000E+00
0.039	658.35	247.90	1.994610000E+19	1.593675733E+19	1.818498000E-03	1.448550011E+11	1.492642042E+12	2.731995425E+13	3.945216066E+15	3.421577071E+16	1.607527538E+17	1.373290000E+15	632.9804657452	4.386770000E+00
0.040	658.26	247.89	1.994340000E+19	1.593504697E+19	1.869319000E-03	1.451643703E+11	1.494349774E+12	2.739450104E+13	3.945840433E+15	3.421446268E+16	1.607115178E+17	1.375560000E+15	632.8887181581	4.384320000E+00
0.041	658.16	247.88	1.994060000E+19	1.593329774E+19	1.920301000E-03	1.454747340E+11	1.496063357E+12	2.746943721E+13	3.946480352E+15	3.421342029E+16	1.606699443E+17	1.377850000E+15	632.7935396246	4.381810000E+00
0.042	658.07	247.87	1.993780000E+19	1.593150961E+19	1.971444000E-03	1.457860966E+11	1.497782819E+12	2.754476525E+13	3.947136171E+15	3.421263065E+16	1.606280308E+17	1.380160000E+15	632.6949299953	4.379230000E+00
0.043	657.97	247.86	1.993490000E+19	1.592968259E+19	2.022749000E-03	1.460984623E+11	1.499508187E+12	2.762048765E+13	3.947808245E+15	3.421208120E+16	1.605857748E+17	1.382490000E+15	632.5928907430	4.376600000E+00
0.044	657.87	247.85	1.993190000E+19	1.592781667E+19	2.074216000E-03	1.464118355E+11	1.501239488E+12	2.769660693E+13	3.948496935E+15	3.421175982E+16	1.605431736E+17	1.384850000E+15	632.4874225794	4.373910000E+00
0.045	657.77	247.83	1.992890000E+19	1.592591183E+19	2.125847000E-03	1.467262205E+11	1.502976748E+12	2.777312560E+13	3.949202610E+15	3.421165472E+16	1.605002246E+17	1.387220000E+15	632.3785258527	4.371150000E+00
0.046	657.67	247.82	1.992580000E+19	1.592396809E+19	2.177642000E-03	1.470416217E+11	1.504719997E+12	2.785004624E+13	3.949925644E+15	3.421175451E+16	1.604569252E+17	1.389610000E+15	632.2662025326	4.368340000E+00
0.047	657.56	247.81	1.992260000E+19	1.592198543E+19	2.229602000E-03	1.473580435E+11	1.506469262E+12	2.792737139E+13	3.950666421E+15	3.421204815E+16	1.604132728E+17	1.392030000E+15	632.1504530339	4.365470000E+00
0.048	657.45	247.79	1.991930000E+19	1.591996387E+19	2.281728000E-03	1.476754903E+11	1.508224570E+12	2.800510367E+13	3.951425329E+15	3.421252495E+16	1.603692647E+17	1.394460000E+15	632.0312793928	4.362530000E+00
0.049	657.34	247.78	1.991600000E+19	1.591790340E+19	2.334020000E-03	1.479939666E+11	1.509985949E+12	2.808324567E+13	3.952202766E+15	3.421317459E+16	1.603248983E+17	1.396920000E+15	631.9086824878	4.359540000E+00
0.050	657.23	247.76	1.991260000E+19	1.591580403E+19	2.386478000E-03	1.483134767E+11	1.511753428E+12	2.816180003E+13	3.952999136E+15	3.421398709E+16	1.602801707E+17	1.399390000E+15	631.7826640246	4.356490000E+00
0.051	657.12	247.74	1.990920000E+19	1.591366577E+19	2.439104000E-03	1.486340253E+11	1.513527035E+12	2.824076938E+13	3.953814852E+15	3.421495280E+16	1.602350794E+17	1.401890000E+15	631.6532257421	4.353380000E+00
0.052	657.00	247.72	1.990570000E+19	1.591148863E+19	2.491899000E-03	1.489556168E+11	1.515306799E+12	2.832015641E+13	3.954650332E+15	3.421606241E+16	1.601896216E+17	1.404410000E+15	631.5203694122	4.350210000E+00
0.053	656.88	247.70	1.990210000E+19	1.590927261E+19	2.544862000E-03	1.492782558E+11	1.517092747E+12	2.839996380E+13	3.955506005E+15	3.421730693E+16	1.601437946E+17	1.406950000E+15	631.3840964433	4.346980000E+00
0.054	656.76	247.68	1.989840000E+19	1.590701773E+19	2.597996000E-03	1.496019468E+11	1.518884911E+12	2.848019426E+13	3.956382306E+15	3.421867772E+16	1.600975956E+17	1.409520000E+15	631.2444090703	4.343690000E+00
0.055	656.64	247.66	1.989470000E+19	1.590472400E+19	2.651300000E-03	1.499266944E+11	1.520683317E+12	2.856085051E+13	3.957279679E+15	3.422016642E+16	1.600510219E+17	1.412100000E+15	631.1013091647	4.340340000E+00
0.056	656.51	247.64	1.989100000E+19	1.590239144E+19	2.704775000E-03	1.502525032E+11	1.522487995E+12	2.864193532E+13	3.958198574E+15	3.422176501E+16	1.600040706E+17	1.414710000E+15	630.9547990274	4.336930000E+00
0.057	656.39	247.62	1.988710000E+19	1.590002006E+19	2.758422000E-03	1.505793780E+11	1.524298976E+12	2.872345144E+13	3.959139451E+15	3.422346576E+16	1.599567389E+17	1.417340000E+15	630.8048805958	4.333470000E+00
0.058	656.26	247.60	1.988320000E+19	1.589760988E+19	2.812241000E-03	1.509073232E+11	1.526116287E+12	2.880540168E+13	3.960102779E+15	3.422526125E+16	1.599090241E+17	1.420000000E+15	630.6515562368	4.329950000E+00
0.059	656.13	247.57	1.987920000E+19	1.589516092E+19	2.866235000E-03	1.512363437E+11	1.527939960E+12	2.888778884E+13	3.961089035E+15	3.422714434E+16	1.598609233E+17	1.422670000E+15	630.4948283501	4.326360000E+00
0.060	655.99	247.55	1.987520000E+19	1.589267319E+19	2.920402000E-03	1.515664442E+11	1.529770023E+12	2.897061577E+13	3.962098702E+15	3.422910819E+16	1.598124336E+17	1.425370000E+15	630.3346989717	4.322730000E+00
0.061	655.86	247.53	1.987110000E+19	1.589014672E+19	2.974744000E-03	1.518976294E+11	1.531606508E+12	2.905388531E+13	3.963132276E+15	3.423114626E+16	1.597635521E+17	1.428100000E+15	630.1711709635	4.319030000E+00
0.062	655.72	247.50	1.986690000E+19	1.588758154E+19	3.029262000E-03	1.522299040E+11	1.533449444E+12	2.913760035E+13	3.964190259E+15	3.423325225E+16	1.597142761E+17	1.430850000E+15	630.0042472202	4.315270000E+00
0.063	655.58	247.47	1.986270000E+19	1.588497765E+19	3.083957000E-03	1.525632729E+11	1.535298861E+12	2.922176378E+13	3.965273163E+15	3.423542017E+16	1.596646025E+17	1.433620000E+15	629.8339294793	4.311460000E+00
0.064	655.43	247.45	1.985840000E+19	1.588233509E+19	3.138829000E-03	1.528977409E+11	1.537154791E+12	2.930637853E+13	3.966381508E+15	3.423764429E+16	1.596145284E+17	1.436410000E+15	629.6602210972	4.307590000E+00
0.065	655.29	247.42	1.985410000E+19	1.587965389E+19	3.193878000E-03	1.532333128E+11	1.539017264E+12	2.939144755E+13	3.967515824E+15	3.423991912E+16	1.595640510E+17	1.439230000E+15	629.4831250662	4.303660000E+00
0.066	655.14	247.39	1.984970000E+19	1.587693405E+19	3.249107000E-03	1.535699935E+11	1.540886311E+12	2.947697379E+13	3.968676650E+15	3.424223947E+16	1.595131672E+17	1.442070000E+15	629.3026432219	4.299680000E+00
0.067	654.99	247.36	1.984520000E+19	1.587417563E+19	3.304515000E-03	1.539077879E+11	1.542761963E+12	2.956296026E+13	3.969864536E+15	3.424460036E+16	1.594618741E+17	1.444940000E+15	629.1187798105	4.295640000E+00
0.068	654.84	247.33	1.984070000E+19	1.587137863E+19	3.360103000E-03	1.542467010E+11	1.544644251E+12	2.964940996E+13	3.971080038E+15	3.424699709E+16	1.594101687E+17	1.447830000E+15	628.9315367326	4.291540000E+00
0.069	654.69	247.30	1.983610000E+19	1.586854309E+19	3.415872000E-03	1.545867377E+11	1.546533208E+12	2.973632593E+13	3.972323726E+15	3.424942518E+16	1.593580480E+17	1.450750000E+15	628.7409175064	4.287390000E+00
0.070	654.54	247.27	1.983150000E+19	1.586566904E+19	3.471824000E-03	1.549279029E+11	1.548428865E+12	2.982371124E+13	3.973596177E+15	3.425188042E+16	1.593055090E+17	1.453700000E+15	628.5469252860	4.283180000E+00
0.071	654.38	247.24	1.982670000E+19	1.586275650E+19	3.527958000E-03	1.552702018E+11	1.550331253E+12	2.991156895E+13	3.974897978E+15	3.425435880E+16	1.592525486E+17	1.456660000E+15	628.3495628614	4.278910000E+00
0.072	654.22	247.20	1.982200000E+19	1.585980551E+19	3.584275000E-03	1.556136393E+11	1.552240406E+12	2.999990219E+13	3.976229727E+15	3.425685656E+16	1.591991638E+17	1.459660000E+15	628.1488338472	4.274590000E+00
0.073	654.06	247.17	1.981710000E+19	1.585681610E+19	3.640777000E-03	1.559582206E+11	1.554156354E+12	3.008871408E+13	3.977592032E+15	3.425937016E+16	1.591453514E+17	1.462680000E+15	627.9447414938	4.270210000E+00
0.074	653.89	247.14	1.981230000E+19	1.585378830E+19	3.697464000E-03	1.563039506E+11	1.556079131E+12	3.017800778E+13	3.978985510E+15	3.426189628E+16	1.590911085E+17	1.465720000E+15	627.7372890836	4.265780000E+00
0.075	653.73	247.10	1.980730000E+19	1.585072213E+19	3.754337000E-03	1.566508345E+11	1.558008770E+12	3.026778646E+13	3.980410792E+15	3.426443180E+16	1.590364320E+17	1.468800000E+15	627.5264795351	4.261290000E+00
0.076	653.56	247.06	1.980230000E+19	1.584761764E+19	3.811396000E-03	1.569988776E+11	1.559945303E+12	3.035805333E+13	3.981868515E+15	3.426697384E+16	1.589813186E+17	1.471900000E+15	627.3123169866	4.256750000E+00
0.077	653.39	247.03	1.979730000E+19	1.584447485E+19	3.868643000E-03	1.573480849E+11	1.561888763E+12	3.044881163E+13	3.983359330E+15	3.426951971E+16	1.589257653E+17	1.475020000E+15	627.0948044202	4.252150000E+00
0.078	653.22	246.99	1.979210000E+19	1.584129380E+19	3.926078000E-03	1.576984617E+11	1.563839183E+12	3.054006460E+13	3.984883897E+15	3.427206691E+16	1.588697688E+17	1.478170000E+15	626.8739456417	4.247500000E+00
0.079	653.04	246.95	1.978700000E+19	1.583807451E+19	3.983703000E-03	1.580500133E+11	1.565796598E+12	3.063181552E+13	3.986442888E+15	3.427461316E+16	1.588133261E+17	1.481350000E+15	626.6497436970	4.242790000E+00
0.080	652.86	246.91	1.978170000E+19	1.583481704E+19	4.041517000E-03	1.584027448E+11	1.567761041E+12	3.072406771E+13	3.988036986E+15	3.427715636E+16	1.587564340E+17	1.484560000E+15	626.4222032465	4.238030000E+00
0.081	652.69	246.87	1.977640000E+19	1.583152140E+19	4.099523000E-03	1.587566617E+11	1.569732545E+12	3.081682448E+13	3.989666885E+15	3.427969460E+16	1.586990892E+17	1.487800000E+15	626.1913270037	4.233220000E+00
0.082	652.51	246.83	1.977110000E+19	1.582818763E+19	4.157720000E-03	1.591117691E+11	1.571711145E+12	3.091008921E+13	3.991333289E+15	3.428222615E+16	1.586412885E+17	1.491060000E+15	625.9571189006	4.228350000E+00
0.083	652.32	246.79	1.976570000E+19	1.582481577E+19	4.216109000E-03	1.594680726E+11	1.573696875E+12	3.100386526E+13	3.993036916E+15	3.428474947E+16	1.585830286E+17	1.494350000E+15	625.7195829007	4.223430000E+00
0.084	652.14	246.75	1.976020000E+19	1.582140585E+19	4.274692000E-03	1.598255774E+11	1.575689770E+12	3.109815606E+13	3.994778494E+15	3.428726319E+16	1.585243064E+17	1.497670000E+15	625.4787226033	4.218450000E+00
0.085	651.95	246.71	1.975470000E+19	1.581795791E+19	4.333469000E-03	1.601842891E+11	1.577689865E+12	3.119296503E+13	3.996558764E+15	3.428976611E+16	1.584651186E+17	1.501020000E+15	625.2345420343	4.213420000E+00
0.086	651.76	246.66	1.974910000E+19	1.581447198E+19	4.392442000E-03	1.605442130E+11	1.579697193E+12	3.128829565E+13	3.998378476E+15	3.429225721E+16	1.584054618E+17	1.504400000E+15	624.9870448557	4.208340000E+00
0.087	651.57	246.62	1.974350000E+19	1.581094809E+19	4.451610000E-03	1.609053546E+11	1.581711791E+12	3.138415139E+13	4.000238396E+15	3.429473562E+16	1.583453328E+17	1.507800000E+15	624.7362347608	4.203210000E+00
0.088	651.37	246.58	1.973780000E+19	1.580738629E+19	4.510975000E-03	1.612677195E+11	1.583733694E+12	3.148053578E+13	4.002139300E+15	3.429720062E+16	1.582847283E+17	1.511240000E+15	624.4821162644	4.198020000E+00
0.089	651.18	246.53	1.973200000E+19	1.580378661E+19	4.570538000E-03	1.616313133E+11	1.585762937E+12	3.157745237E+13	4.004081976E+15	3.429965168E+16	1.582236448E+17	1.514700000E+15	624.2246931216	4.192780000E+00
0.090	650.98	246.48	1.972620000E+19	1.580014908E+19	4.630299000E-03	1.619961413E+11	1.587799556E+12	3.167490472E+13	4.006067225E+15	3.430208838E+16	1.581620792E+17	1.518200000E+15	623.9639691193	4.187490000E+00
0.091	650.78	246.44	1.972040000E+19	1.579647374E+19	4.690260000E-03	1.623622094E+11	1.589843588E+12	3.177289645E+13	4.008095860E+15	3.430451049E+16	1.581000279E+17	1.521720000E+15	623.6999484698	4.182150000E+00
0.092	650.58	246.39	1.971450000E+19	1.579276063E+19	4.750422000E-03	1.627295231E+11	1.591895068E+12	3.187143117E+13	4.010168708E+15	3.430691789E+16	1.580374876E+17	1.525280000E+15	623.4326354165	4.176760000E+00
0.093	650.37	246.34	1.970850000E+19	1.578900978E+19	4.810784000E-03	1.630980881E+11	1.593954033E+12	3.197051255E+13	4.012286607E+15	3.430931061E+16	1.579744549E+17	1.528870000E+15	623.1620338386	4.171310000E+00
0.094	650.17	246.29	1.970250000E+19	1.578522122E+19	4.871349000E-03	1.634679101E+11	1.596020519E+12	3.207014428E+13	4.014450410E+15	3.431168882E+16	1.579109264E+17	1.532480000E+15	622.8881476465	4.165820000E+00
0.095	649.96	246.24	1.969640000E+19	1.578139500E+19	4.932117000E-03	1.638389949E+11	1.598094565E+12	3.217033007E+13	4.016660982E+15	3.431405283E+16	1.578468987E+17	1.536130000E+15	622.6109815705	4.160270000E+00
0.096	649.75	246.19	1.969030000E+19	1.577753114E+19	4.993088000E-03	1.642113482E+11	1.600176205E+12	3.227107367E+13	4.018919201E+15	3.431640307E+16	1.577823682E+17	1.539810000E+15	622.3305391875	4.154680000E+00
0.097	649.53	246.14	1.968410000E+19	1.577362969E+19	5.054265000E-03	1.645849758E+11	1.602265479E+12	3.237237885E+13	4.021225958E+15	3.431874009E+16	1.577173316E+17	1.543530000E+15	622.0468252889	4.149030000E+00
0.098	649.32	246.09	1.967780000E+19	1.576969068E+19	5.115647000E-03	1.649598836E+11	1.604362424E+12	3.247424943E+13	4.023582159E+15	3.432106458E+16	1.576517854E+17	1.547270000E+15	621.7598439076	4.143330000E+00
0.099	649.10	246.03	1.967150000E+19	1.576571415E+19	5.177236000E-03	1.653360774E+11	1.606467077E+12	3.257668923E+13	4.025988723E+15	3.432337732E+16	1.575857260E+17	1.551050000E+15	621.4695995013	4.137590000E+00
0.100	648.88	245.98	1.966520000E+19	1.576170012E+19	5.239033000E-03	1.657135631E+11	1.608579477E+12	3.267970213E+13	4.028446583E+15	3.432567924E+16	1.575191500E+17	1.554850000E+15	621.1760957696	4.131790000E+00
0.101	648.66	245.93	1.965870000E+19	1.575764864E+19	5.301039000E-03	1.660923467E+11	1.610699662E+12	3.278329202E+13	4.030956684E+15	3.432797135E+16	1.574520539E+17	1.558700000E+15	620.8793376253	4.125950000E+00
0.102	648.44	245.87	1.965230000E+19	1.575355975E+19	5.363254000E-03	1.664724342E+11	1.612827670E+12	3.288746283E+13	4.033519987E+15	3.433025479E+16	1.573844340E+17	1.562570000E+15	620.5793296171	4.120060000E+00
0.103	648.21	245.82	1.964570000E+19	1.574943347E+19	5.425679000E-03	1.668538315E+11	1.614963541E+12	3.299221852E+13	4.036137468E+15	3.433253080E+16	1.573162868E+17	1.566480000E+15	620.2760755360	4.114110000E+00
0.104	647.98	245.76	1.963920000E+19	1.574526984E+19	5.488316000E-03	1.672365447E+11	1.617107313E+12	3.309756308E+13	4.038810115E+15	3.433480071E+16	1.572476088E+17	1.570420000E+15	619.9695799912	4.108120000E+00
0.105	647.75	245.70	1.963250000E+19	1.574106889E+19	5.551165000E-03	1.676205799E+11	1.619259025E+12	3.320350054E+13	4.041538932E+15	3.433706595E+16	1.571783963E+17	1.574390000E+15	619.6598472283	4.102090000E+00
0.106	647.52	245.64	1.962590000E+19	1.573683067E+19	5.614228000E-03	1.680059432E+11	1.621418718E+12	3.331003496E+13	4.044324937E+15	3.433932807E+16	1.571086458E+17	1.578400000E+15	619.3468823103	4.096000000E+00
0.107	647.29	245.59	1.961910000E+19	1.573255520E+19	5.677505000E-03	1.683926408E+11	1.623586430E+12	3.341717042E+13	4.047169164E+15	3.434158867E+16	1.570383536E+17	1.582450000E+15	619.0306891493	4.089870000E+00
0.108	647.05	245.53	1.961230000E+19	1.572824253E+19	5.740997000E-03	1.687806787E+11	1.625762203E+12	3.352491104E+13	4.050072659E+15	3.434384948E+16	1.569675161E+17	1.586530000E+15	618.7112728681	4.083690000E+00
0.109	646.81	245.47	1.960550000E+19	1.572389267E+19	5.804706000E-03	1.691700633E+11	1.627946075E+12	3.363326097E+13	4.053036485E+15	3.434611230E+16	1.568961297E+17	1.590640000E+15	618.3886370455	4.077460000E+00
0.110	646.57	245.40	1.959860000E+19	1.571950567E+19	5.868632000E-03	1.695608008E+11	1.630138089E+12	3.374222442E+13	4.056061722E+15	3.434837899E+16	1.568241907E+17	1.594790000E+15	618.0627868641	4.071180000E+00
0.111	646.33	245.34	1.959160000E+19	1.571508157E+19	5.932776000E-03	1.699528975E+11	1.632338284E+12	3.385180559E+13	4.059149461E+15	3.435065152E+16	1.567516954E+17	1.598980000E+15	617.7337271425	4.064860000E+00
0.112	646.08	245.28	1.958460000E+19	1.571062039E+19	5.997139000E-03	1.703463598E+11	1.634546701E+12	3.396200875E+13	4.062300811E+15	3.435293192E+16	1.566786401E+17	1.603200000E+15	617.4014619429	4.058500000E+00
0.113	645.84	245.22	1.957750000E+19	1.570612216E+19	6.061723000E-03	1.707411939E+11	1.636763383E+12	3.407283818E+13	4.065516897E+15	3.435522230E+16	1.566050211E+17	1.607450000E+15	617.0659957508	4.052080000E+00
0.114	645.59	245.15	1.957040000E+19	1.570158693E+19	6.126527000E-03	1.711374063E+11	1.638988370E+12	3.418429821E+13	4.068798859E+15	3.435752485E+16	1.565308347E+17	1.611750000E+15	616.7273338668	4.045620000E+00
0.115	645.34	245.09	1.956320000E+19	1.569701472E+19	6.191554000E-03	1.715350034E+11	1.641221704E+12	3.429639321E+13	4.072147852E+15	3.435984180E+16	1.564560772E+17	1.616080000E+15	616.3854804426	4.039120000E+00
0.116	645.08	245.02	1.955600000E+19	1.569240556E+19	6.256805000E-03	1.719339918E+11	1.643463428E+12	3.440912755E+13	4.075565047E+15	3.436217547E+16	1.563807448E+17	1.620450000E+15	616.0404400526	4.032570000E+00
0.117	644.83	244.96	1.954870000E+19	1.568775950E+19	6.322279000E-03	1.723343779E+11	1.645713583E+12	3.452250569E+13	4.079051633E+15	3.436452823E+16	1.563048337E+17	1.624850000E+15	615.6922180857	4.025980000E+00
0.118	644.57	244.89	1.954140000E+19	1.568307655E+19	6.387979000E-03	1.727361683E+11	1.647972213E+12	3.463653208E+13	4.082608813E+15	3.436690251E+16	1.562283401E+17	1.629300000E+15	615.3408183902	4.019340000E+00
0.119	644.31	244.82	1.953400000E+19	1.567835675E+19	6.453906000E-03	1.731393695E+11	1.650239360E+12	3.475121123E+13	4.086237808E+15	3.436930081E+16	1.561512603E+17	1.633780000E+15	614.9862460215	4.012660000E+00
0.120	644.05	244.76	1.952650000E+19	1.567360014E+19	6.520060000E-03	1.735439883E+11	1.652515067E+12	3.486654768E+13	4.089939854E+15	3.437172566E+16	1.560735905E+17	1.638300000E+15	614.6285060640	4.005930000E+00
0.121	643.79	244.69	1.951900000E+19	1.566880674E+19	6.586442000E-03	1.739500313E+11	1.654799378E+12	3.498254600E+13	4.093716205E+15	3.437417965E+16	1.559953269E+17	1.642860000E+15	614.2676028471	3.999160000E+00
0.122	643.52	244.62	1.951150000E+19	1.566397658E+19	6.653054000E-03	1.743575051E+11	1.657092337E+12	3.509921082E+13	4.097568131E+15	3.437666544E+16	1.559164655E+17	1.647460000E+15	613.9035411218	3.992350000E+00
0.123	643.25	244.55	1.950390000E+19	1.565910970E+19	6.719896000E-03	1.747664167E+11	1.659393988E+12	3.521654677E+13	4.101496917E+15	3.437918570E+16	1.558370026E+17	1.652090000E+15	613.5363260605	3.985500000E+00
0.124	642.98	244.48	1.949620000E+19	1.565420612E+19	6.786970000E-03	1.751767726E+11	1.661704375E+12	3.533455857E+13	4.105503870E+15	3.438174317E+16	1.557569344E+17	1.656770000E+15	613.1659620806	3.978600000E+00
0.125	642.71	244.40	1.948850000E+19	1.564926588E+19	6.854277000E-03	1.755885798E+11	1.664023542E+12	3.545325092E+13	4.109590308E+15	3.438434062E+16	1.556762568E+17	1.661490000E+15	612.7924544127	3.971660000E+00
0.126	642.44	244.33	1.948070000E+19	1.564428900E+19	6.921817000E-03	1.760018452E+11	1.666351534E+12	3.557262861E+13	4.113757571E+15	3.438698086E+16	1.555949662E+17	1.666250000E+15	612.4158075329	3.964680000E+00
0.127	642.16	244.26	1.947290000E+19	1.563927552E+19	6.989593000E-03	1.764165756E+11	1.668688398E+12	3.569269643E+13	4.118007015E+15	3.438966674E+16	1.555130584E+17	1.671050000E+15	612.0360267296	3.957650000E+00
0.128	641.88	244.18	1.946500000E+19	1.563422546E+19	7.057604000E-03	1.768327781E+11	1.671034177E+12	3.581345924E+13	4.122340011E+15	3.439240113E+16	1.554305298E+17	1.675890000E+15	611.6531165373	3.950590000E+00
0.129	641.60	244.11	1.945710000E+19	1.562913886E+19	7.125853000E-03	1.772504595E+11	1.673388917E+12	3.593492192E+13	4.126757951E+15	3.439518695E+16	1.553473763E+17	1.680770000E+15	611.2670823023	3.943480000E+00
0.130	641.32	244.03	1.944910000E+19	1.562401573E+19	7.194339000E-03	1.776696270E+11	1.675752666E+12	3.605708940E+13	4.131262244E+15	3.439802713E+16	1.552635939E+17	1.685690000E+15	610.8779282261	3.936330000E+00
0.131	641.03	243.96	1.944100000E+19	1.561885611E+19	7.263065000E-03	1.780902876E+11	1.678125469E+12	3.617996664E+13	4.135854314E+15	3.440092464E+16	1.551791789E+17	1.690660000E+15	610.4856597128	3.929140000E+00
0.132	640.75	243.88	1.943290000E+19	1.561366003E+19	7.332032000E-03	1.785124485E+11	1.680507372E+12	3.630355866E+13	4.140535608E+15	3.440388248E+16	1.550941272E+17	1.695670000E+15	610.0902818041	3.921910000E+00
0.133	640.46	243.80	1.942480000E+19	1.560842752E+19	7.401240000E-03	1.789361167E+11	1.682898423E+12	3.642787050E+13	4.145307586E+15	3.440690364E+16	1.550084348E+17	1.700720000E+15	609.6917995703	3.914650000E+00
0.134	640.17	243.73	1.941660000E+19	1.560315860E+19	7.470690000E-03	1.793612996E+11	1.685298669E+12	3.655290726E+13	4.150171729E+15	3.440999118E+16	1.549220977E+17	1.705810000E+15	609.2902177199	3.907340000E+00
0.135	639.87	243.65	1.940830000E+19	1.559785329E+19	7.540384000E-03	1.797880044E+11	1.687708158E+12	3.667867407E+13	4.155129537E+15	3.441314812E+16	1.548351121E+17	1.710950000E+15	608.8855409906	3.899990000E+00
0.136	639.58	243.57	1.940000000E+19	1.559251163E+19	7.610324000E-03	1.802162383E+11	1.690126937E+12	3.680517610E+13	4.160182526E+15	3.441637754E+16	1.547474738E+17	1.716130000E+15	608.4777749298	3.892610000E+00
0.137	639.28	243.49	1.939160000E+19	1.558713365E+19	7.680509000E-03	1.806460087E+11	1.692555054E+12	3.693241858E+13	4.165332232E+15	3.441968252E+16	1.546591789E+17	1.721360000E+15	608.0669247225	3.885180000E+00
0.138	638.98	243.41	1.938320000E+19	1.558171936E+19	7.750942000E-03	1.810773230E+11	1.694992559E+12	3.706040677E+13	4.170580209E+15	3.442306615E+16	1.545702234E+17	1.726630000E+15	607.6529948024	3.877720000E+00
0.139	638.68	243.32	1.937470000E+19	1.557626880E+19	7.821623000E-03	1.815101886E+11	1.697439499E+12	3.718914597E+13	4.175928031E+15	3.442653152E+16	1.544806032E+17	1.731950000E+15	607.2359908021	3.870220000E+00
0.140	638.38	243.24	1.936620000E+19	1.557078199E+19	7.892553000E-03	1.819446129E+11	1.699895924E+12	3.731864155E+13	4.181377290E+15	3.443008174E+16	1.543903143E+17	1.737310000E+15	606.8159176026	3.862680000E+00
0.141	638.07	243.16	1.935760000E+19	1.556525896E+19	7.963735000E-03	1.823806036E+11	1.702361883E+12	3.744889888E+13	4.186929596E+15	3.443371992E+16	1.542993526E+17	1.742720000E+15	606.3927805034	3.855100000E+00
0.142	637.76	243.07	1.934900000E+19	1.555969973E+19	8.035168000E-03	1.828181681E+11	1.704837427E+12	3.757992342E+13	4.192586580E+15	3.443744918E+16	1.542077142E+17	1.748170000E+15	605.9665844426	3.847490000E+00
0.143	637.45	242.99	1.934030000E+19	1.555410433E+19	8.106855000E-03	1.832573141E+11	1.707322605E+12	3.771172065E+13	4.198349891E+15	3.444127262E+16	1.541153949E+17	1.753670000E+15	605.5373347765	3.839840000E+00
0.144	637.14	242.90	1.933150000E+19	1.554847277E+19	8.178795000E-03	1.836980492E+11	1.709817467E+12	3.784429611E+13	4.204221198E+15	3.444519337E+16	1.540223906E+17	1.759220000E+15	605.1050361111	3.832150000E+00
0.145	636.83	242.82	1.932270000E+19	1.554280510E+19	8.250992000E-03	1.841403812E+11	1.712322065E+12	3.797765536E+13	4.210202189E+15	3.444921454E+16	1.539286973E+17	1.764810000E+15	604.6696946377	3.824430000E+00
0.146	636.51	242.73	1.931390000E+19	1.553710132E+19	8.323445000E-03	1.845843177E+11	1.714836449E+12	3.811180404E+13	4.216294570E+15	3.445333924E+16	1.538343109E+17	1.770460000E+15	604.2313146301	3.816670000E+00
0.147	636.19	242.64	1.930500000E+19	1.553136147E+19	8.396156000E-03	1.850298665E+11	1.717360672E+12	3.824674783E+13	4.222500070E+15	3.445757057E+16	1.537392272E+17	1.776150000E+15	603.7899019467	3.808880000E+00
0.148	635.87	242.55	1.929600000E+19	1.552558557E+19	8.469126000E-03	1.854770356E+11	1.719894784E+12	3.838249244E+13	4.228820435E+15	3.446191163E+16	1.536434423E+17	1.781890000E+15	603.3454616959	3.801050000E+00
0.149	635.55	242.46	1.928700000E+19	1.551977364E+19	8.542357000E-03	1.859258328E+11	1.722438838E+12	3.851904364E+13	4.235257431E+15	3.446636549E+16	1.535469520E+17	1.787680000E+15	602.8979990147	3.793190000E+00
0.150	635.23	242.37	1.927790000E+19	1.551392570E+19	8.615849000E-03	1.863762660E+11	1.724992886E+12	3.865640724E+13	4.241812845E+15	3.447093524E+16	1.534497520E+17	1.793510000E+15	602.4475190683	3.785290000E+00
0.151	634.90	242.28	1.926880000E+19	1.550804179E+19	8.689604000E-03	1.868283432E+11	1.727556982E+12	3.879458913E+13	4.248488483E+15	3.447562394E+16	1.533518385E+17	1.799400000E+15	601.9940278267	3.777360000E+00
0.152	634.57	242.19	1.925960000E+19	1.550212191E+19	8.763624000E-03	1.872820724E+11	1.730131178E+12	3.893359521E+13	4.255286171E+15	3.448043464E+16	1.532532071E+17	1.805340000E+15	601.5375297347	3.769390000E+00
0.153	634.24	242.10	1.925040000E+19	1.549616610E+19	8.837909000E-03	1.877374619E+11	1.732715528E+12	3.907343144E+13	4.262207757E+15	3.448537036E+16	1.531538538E+17	1.811330000E+15	601.0780308182	3.761390000E+00
0.154	633.91	242.01	1.924110000E+19	1.549017438E+19	8.912460000E-03	1.881945195E+11	1.735310085E+12	3.921410386E+13	4.269255106E+15	3.449043412E+16	1.530537744E+17	1.817370000E+15	600.6155363545	3.753360000E+00
0.155	633.57	241.91	1.923170000E+19	1.548414677E+19	8.987280000E-03	1.886532537E+11	1.737914905E+12	3.935561852E+13	4.276430106E+15	3.449562892E+16	1.529529648E+17	1.823460000E+15	600.1500516490	3.745290000E+00
0.156	633.24	241.82	1.922230000E+19	1.547808329E+19	9.062369000E-03	1.891136725E+11	1.740530041E+12	3.949798154E+13	4.283734665E+15	3.450095773E+16	1.528514208E+17	1.829610000E+15	599.6815820351	3.737190000E+00
0.157	632.90	241.73	1.921290000E+19	1.547198397E+19	9.137728000E-03	1.895757844E+11	1.743155548E+12	3.964119911E+13	4.291170709E+15	3.450642351E+16	1.527491383E+17	1.835800000E+15	599.2101332616	3.729060000E+00
0.158	632.56	241.63	1.920340000E+19	1.546584882E+19	9.213360000E-03	1.900395975E+11	1.745791483E+12	3.978527743E+13	4.298740188E+15	3.451202917E+16	1.526461131E+17	1.842050000E+15	598.7357103302	3.720900000E+00
0.159	632.21	241.53	1.919380000E+19	1.545967787E+19	9.289264000E-03	1.905051204E+11	1.748437900E+12	3.993022280E+13	4.306445071E+15	3.451777763E+16	1.525423410E+17	1.848350000E+15	598.2583190453	3.712710000E+00
0.160	631.87	241.44	1.918420000E+19	1.545347113E+19	9.365443000E-03	1.909723614E+11	1.751094856E+12	4.007604154E+13	4.314287346E+15	3.452367176E+16	1.524378179E+17	1.854710000E+15	597.7779644648	3.704480000E+00
0.161	631.52	241.34	1.917450000E+19	1.544722864E+19	9.441898000E-03	1.914413290E+11	1.753762407E+12	4.022274004E+13	4.322269025E+15	3.452971442E+16	1.523325396E+17	1.861120000E+15	597.2946528348	3.696230000E+00
0.162	631.17	241.24	1.916480000E+19	1.544095042E+19	9.518630000E-03	1.919120319E+11	1.756440610E+12	4.037032474E+13	4.330392139E+15	3.453590841E+16	1.522265019E+17	1.867580000E+15	596.8083896551	3.687940000E+00
0.163	630.82	241.14	1.915500000E+19	1.543463647E+19	9.595641000E-03	1.923844785E+11	1.759129522E+12	4.051880213E+13	4.338658739E+15	3.454225654E+16	1.521197006E+17	1.874100000E+15	596.3191796804	3.679630000E+00
0.164	630.47	241.04	1.914520000E+19	1.542828683E+19	9.672932000E-03	1.928586776E+11	1.761829202E+12	4.066817876E+13	4.347070899E+15	3.454876155E+16	1.520121317E+17	1.880680000E+15	595.8270292392	3.671280000E+00
0.165	630.11	240.94	1.913530000E+19	1.542190152E+19	9.750503000E-03	1.933346378E+11	1.764539706E+12	4.081846125E+13	4.355630713E+15	3.455542619E+16	1.519037908E+17	1.887310000E+15	595.3319439140	3.662910000E+00
0.166	629.76	240.84	1.912530000E+19	1.541548055E+19	9.828358000E-03	1.938123679E+11	1.767261093E+12	4.096965625E+13	4.364340296E+15	3.456225312E+16	1.517946738E+17	1.894000000E+15	594.8339289292	3.654500000E+00
0.167	629.40	240.74	1.911530000E+19	1.540902396E+19	9.906496000E-03	1.942918768E+11	1.769993423E+12	4.112177050E+13	4.373201783E+15	3.456924502E+16	1.516847766E+17	1.900740000E+15	594.3329906942	3.646070000E+00
0.168	629.04	240.64	1.910530000E+19	1.540253175E+19	9.984919000E-03	1.947731732E+11	1.772736754E+12	4.127481076E+13	4.382217332E+15	3.457640450E+16	1.515740948E+17	1.907550000E+15	593.8291341027	3.637610000E+00
0.169	628.67	240.53	1.909520000E+19	1.539600395E+19	1.006363000E-02	1.952562662E+11	1.775491146E+12	4.142878388E+13	4.391389122E+15	3.458373415E+16	1.514626245E+17	1.914410000E+15	593.3223652328	3.629120000E+00
0.170	628.31	240.43	1.908500000E+19	1.538944058E+19	1.014262800E-02	1.957411646E+11	1.778256659E+12	4.158369676E+13	4.400719352E+15	3.459123649E+16	1.513503613E+17	1.921320000E+15	592.8126898043	3.620600000E+00
0.171	627.94	240.32	1.907480000E+19	1.538284166E+19	1.022191700E-02	1.962278776E+11	1.781033353E+12	4.173955635E+13	4.410210242E+15	3.459891404E+16	1.512373011E+17	1.928300000E+15	592.3001135643	3.612050000E+00
0.172	627.57	240.22	1.906450000E+19	1.537620721E+19	1.030149600E-02	1.967164143E+11	1.783821290E+12	4.189636966E+13	4.419864036E+15	3.460676926E+16	1.511234398E+17	1.935340000E+15	591.7846422870	3.603480000E+00
0.173	627.20	240.11	1.905420000E+19	1.536953725E+19	1.038136700E-02	1.972067837E+11	1.786620530E+12	4.205414379E+13	4.429682997E+15	3.461480456E+16	1.510087731E+17	1.942430000E+15	591.2662817739	3.594880000E+00
0.174	626.82	240.00	1.904380000E+19	1.536283180E+19	1.046153200E-02	1.976989952E+11	1.789431135E+12	4.221288587E+13	4.439669409E+15	3.462302232E+16	1.508932968E+17	1.949590000E+15	590.7450378533	3.586250000E+00
0.175	626.45	239.90	1.903340000E+19	1.535609089E+19	1.054199300E-02	1.981930579E+11	1.792253168E+12	4.237260309E+13	4.449825579E+15	3.463142487E+16	1.507770068E+17	1.956810000E+15	590.2209167654	3.577600000E+00
0.176	626.07	239.79	1.902290000E+19	1.534931453E+19	1.062275000E-02	1.986889811E+11	1.795086690E+12	4.253330273E+13	4.460153835E+15	3.464001450E+16	1.506598990E+17	1.964080000E+15	589.6939240079	3.568930000E+00
0.177	625.69	239.68	1.901230000E+19	1.534250274E+19	1.070380600E-02	1.991867744E+11	1.797931766E+12	4.269499211E+13	4.470656526E+15	3.464879345E+16	1.505419691E+17	1.971420000E+15	589.1640654904	3.560220000E+00
0.178	625.31	239.57	1.900170000E+19	1.533565555E+19	1.078516100E-02	1.996864471E+11	1.800788457E+12	4.285767863E+13	4.481336022E+15	3.465776391E+16	1.504232129E+17	1.978830000E+15	588.6313475332	3.551490000E+00
0.179	624.93	239.46	1.899110000E+19	1.532877297E+19	1.086681700E-02	2.001880088E+11	1.803656829E+12	4.302136974E+13	4.492194716E+15	3.466692803E+16	1.503036265E+17	1.986290000E+15	588.0957757153	3.542740000E+00
0.180	624.54	239.35	1.898040000E+19	1.532185502E+19	1.094877600E-02	2.006914689E+11	1.806536945E+12	4.318607297E+13	4.503235021E+15	3.467628789E+16	1.501832055E+17	1.993820000E+15	587.5573560269	3.533960000E+00
0.181	624.15	239.24	1.896960000E+19	1.531490173E+19	1.103104000E-02	2.011968371E+11	1.809428870E+12	4.335179590E+13	4.514459373E+15	3.468584555E+16	1.500619458E+17	2.001410000E+15	587.0160948679	3.525160000E+00
0.182	623.76	239.12	1.895880000E+19	1.530791311E+19	1.111360800E-02	2.017041232E+11	1.812332669E+12	4.351854618E+13	4.525870229E+15	3.469560301E+16	1.499398433E+17	2.009070000E+15	586.4719978984	3.516340000E+00
0.183	623.37	239.01	1.894790000E+19	1.530088919E+19	1.119648400E-02	2.022133368E+11	1.815248409E+12	4.368633154E+13	4.537470065E+15	3.470556220E+16	1.498168939E+17	2.016790000E+15	585.9250715713	3.507490000E+00
0.184	622.98	238.90	1.893700000E+19	1.529382999E+19	1.127966900E-02	2.027244879E+11	1.818176154E+12	4.385515977E+13	4.549261383E+15	3.471572502E+16	1.496930934E+17	2.024580000E+15	585.3753219827	3.498610000E+00
0.185	622.58	238.78	1.892600000E+19	1.528673552E+19	1.136316400E-02	2.032375861E+11	1.821115972E+12	4.402503872E+13	4.561246703E+15	3.472609330E+16	1.495684377E+17	2.032430000E+15	584.8227548729	3.489720000E+00
0.186	622.18	238.67	1.891500000E+19	1.527960581E+19	1.144697100E-02	2.037526415E+11	1.824067930E+12	4.419597633E+13	4.573428567E+15	3.473666884E+16	1.494429227E+17	2.040350000E+15	584.2673767738	3.480800000E+00
0.187	621.78	238.55	1.890390000E+19	1.527244088E+19	1.153109100E-02	2.042696642E+11	1.827032095E+12	4.436798059E+13	4.585809541E+15	3.474745336E+16	1.493165444E+17	2.048340000E+15	583.7091938609	3.471860000E+00
0.188	621.38	238.43	1.889280000E+19	1.526524074E+19	1.161552500E-02	2.047886641E+11	1.830008535E+12	4.454105957E+13	4.598392209E+15	3.475844854E+16	1.491892985E+17	2.056390000E+15	583.1482119542	3.462900000E+00
0.189	620.98	238.31	1.888160000E+19	1.525800543E+19	1.170027700E-02	2.053096513E+11	1.832997318E+12	4.471522141E+13	4.611179180E+15	3.476965600E+16	1.490611810E+17	2.064510000E+15	582.5844380461	3.453920000E+00
0.190	620.57	238.20	1.887030000E+19	1.525073496E+19	1.178534600E-02	2.058326362E+11	1.835998514E+12	4.489047431E+13	4.624173080E+15	3.478107729E+16	1.489321879E+17	2.072700000E+15	582.0178780088	3.444920000E+00
0.191	620.16	238.08	1.885900000E+19	1.524342935E+19	1.187073500E-02	2.063576289E+11	1.839012192E+12	4.506682657E+13	4.637376561E+15	3.479271394E+16	1.488023151E+17	2.080960000E+15	581.4485381229	3.435890000E+00
0.192	619.75	237.96	1.884760000E+19	1.523608863E+19	1.195644600E-02	2.068846397E+11	1.842038422E+12	4.524428654E+13	4.650792293E+15	3.480456738E+16	1.486715586E+17	2.089290000E+15	580.8764250764	3.426850000E+00
0.193	619.34	237.84	1.883620000E+19	1.522871281E+19	1.204247900E-02	2.074136791E+11	1.845077274E+12	4.542286266E+13	4.664422969E+15	3.481663900E+16	1.485399142E+17	2.097690000E+15	580.3015448205	3.417780000E+00
0.194	618.93	237.72	1.882480000E+19	1.522130191E+19	1.212883700E-02	2.079447576E+11	1.848128819E+12	4.560256343E+13	4.678271303E+15	3.482893014E+16	1.484073780E+17	2.106160000E+15	579.7239037140	3.408700000E+00
0.195	618.51	237.59	1.881320000E+19	1.521385597E+19	1.221552000E-02	2.084778856E+11	1.851193128E+12	4.578339744E+13	4.692340030E+15	3.484144207E+16	1.482739460E+17	2.114700000E+15	579.1435089032	3.399600000E+00
0.196	618.09	237.47	1.880170000E+19	1.520637499E+19	1.230253200E-02	2.090130737E+11	1.854270274E+12	4.596537334E+13	4.706631906E+15	3.485417599E+16	1.481396142E+17	2.123320000E+15	578.5603660365	3.390470000E+00
0.197	617.67	237.35	1.879000000E+19	1.519885901E+19	1.238987300E-02	2.095503327E+11	1.857360329E+12	4.614849987E+13	4.721149709E+15	3.486713306E+16	1.480043785E+17	2.132010000E+15	577.9744823110	3.381330000E+00
0.198	617.25	237.23	1.877830000E+19	1.519130804E+19	1.247754500E-02	2.100896732E+11	1.860463365E+12	4.633278585E+13	4.735896237E+15	3.488031438E+16	1.478682351E+17	2.140770000E+15	577.3858638080	3.372170000E+00
0.199	616.83	237.10	1.876660000E+19	1.518372211E+19	1.256555000E-02	2.106311061E+11	1.863579457E+12	4.651824018E+13	4.750874310E+15	3.489372096E+16	1.477311799E+17	2.149600000E+15	576.7945173947	3.362990000E+00
0.200	616.40	236.98	1.875480000E+19	1.517610123E+19	1.265389000E-02	2.111746423E+11	1.866708678E+12	4.670487182E+13	4.766086768E+15	3.490735377E+16	1.475932091E+17	2.158510000E+15	576.2004492040	3.353800000E+00
0.201	615.97	236.85	1.874300000E+19	1.516844544E+19	1.274256500E-02	2.117202926E+11	1.869851103E+12	4.689268983E+13	4.781536473E+15	3.492121372E+16	1.474543186E+17	2.167490000E+15	575.6036665337	3.344590000E+00
0.202	615.54	236.72	1.873100000E+19	1.516075476E+19	1.283157900E-02	2.122680681E+11	1.873006806E+12	4.708170335E+13	4.797226307E+15	3.493530165E+16	1.473145047E+17	2.176550000E+15	575.0041759469	3.335360000E+00
0.203	615.11	236.60	1.871910000E+19	1.515302920E+19	1.292093200E-02	2.128179799E+11	1.876175864E+12	4.727192159E+13	4.813159172E+15	3.494961834E+16	1.471737635E+17	2.185690000E+15	574.4019836531	3.326110000E+00
0.204	614.68	236.47	1.870710000E+19	1.514526879E+19	1.301062600E-02	2.133700392E+11	1.879358352E+12	4.746335386E+13	4.829337992E+15	3.496416450E+16	1.470320910E+17	2.194900000E+15	573.7970966459	3.316850000E+00
0.205	614.24	236.34	1.869500000E+19	1.513747356E+19	1.310066400E-02	2.139242571E+11	1.882554348E+12	4.765600955E+13	4.845765712E+15	3.497894079E+16	1.468894834E+17	2.204190000E+15	573.1895219433	3.307570000E+00
0.206	613.80	236.21	1.868290000E+19	1.512964353E+19	1.319104600E-02	2.144806451E+11	1.885763928E+12	4.784989812E+13	4.862445296E+15	3.499394778E+16	1.467459370E+17	2.213560000E+15	572.5792662095	3.298270000E+00
0.207	613.36	236.08	1.867070000E+19	1.512177872E+19	1.328177500E-02	2.150392144E+11	1.888987170E+12	4.804502912E+13	4.879379729E+15	3.500918600E+16	1.466014478E+17	2.223010000E+15	571.9663361339	3.288960000E+00
0.208	612.92	235.95	1.865850000E+19	1.511387915E+19	1.337285200E-02	2.155999767E+11	1.892224153E+12	4.824141221E+13	4.896572016E+15	3.502465591E+16	1.464560122E+17	2.232530000E+15	571.3507384310	3.279640000E+00
0.209	612.48	235.82	1.864620000E+19	1.510594486E+19	1.346428000E-02	2.161629432E+11	1.895474955E+12	4.843905711E+13	4.914025182E+15	3.504035790E+16	1.463096264E+17	2.242140000E+15	570.7324805963	3.270300000E+00
0.210	612.03	235.68	1.863390000E+19	1.509797586E+19	1.355605900E-02	2.167281258E+11	1.898739656E+12	4.863797364E+13	4.931742272E+15	3.505629229E+16	1.461622866E+17	2.251830000E+15	570.1115690155	3.260940000E+00
0.211	611.58	235.55	1.862150000E+19	1.508997219E+19	1.364819200E-02	2.172955361E+11	1.902018336E+12	4.883817171E+13	4.949726353E+15	3.507245935E+16	1.460139892E+17	2.261600000E+15	569.4880112328	3.251570000E+00
0.212	611.13	235.42	1.860910000E+19	1.508193386E+19	1.374068100E-02	2.178651859E+11	1.905311076E+12	4.903966132E+13	4.967980509E+15	3.508885927E+16	1.458647304E+17	2.271450000E+15	568.8618136838	3.242190000E+00
0.213	610.68	235.28	1.859660000E+19	1.507386091E+19	1.383352700E-02	2.184370869E+11	1.908617957E+12	4.924245254E+13	4.986507845E+15	3.510549219E+16	1.457145066E+17	2.281380000E+15	568.2329839607	3.232800000E+00
0.214	610.23	235.15	1.858400000E+19	1.506575335E+19	1.392673300E-02	2.190112512E+11	1.911939060E+12	4.944655558E+13	5.005311485E+15	3.512235815E+16	1.455633142E+17	2.291400000E+15	567.6015285489	3.223390000E+00
0.215	609.77	235.01	1.857140000E+19	1.505761122E+19	1.402029900E-02	2.195876907E+11	1.915274469E+12	4.965198069E+13	5.024394572E+15	3.513945717E+16	1.454111495E+17	2.301500000E+15	566.9674550885	3.213970000E+00
0.216	609.31	234.88	1.855880000E+19	1.504943454E+19	1.411422900E-02	2.201664175E+11	1.918624266E+12	4.985873825E+13	5.043760270E+15	3.515678916E+16	1.452580090E+17	2.311680000E+15	566.3307704905	3.204530000E+00
0.217	608.85	234.74	1.854610000E+19	1.504122333E+19	1.420852400E-02	2.207474437E+11	1.921988535E+12	5.006683872E+13	5.063411761E+15	3.517435400E+16	1.451038891E+17	2.321950000E+15	565.6914816902	3.195090000E+00
0.218	608.39	234.60	1.853330000E+19	1.503297763E+19	1.430318500E-02	2.213307817E+11	1.925367360E+12	5.027629266E+13	5.083352245E+15	3.519215147E+16	1.449487864E+17	2.332310000E+15	565.0495963992	3.185630000E+00
0.219	607.93	234.46	1.852050000E+19	1.502469746E+19	1.439821500E-02	2.219164438E+11	1.928760826E+12	5.048711073E+13	5.103584942E+15	3.521018131E+16	1.447926972E+17	2.342750000E+15	564.4051216006	3.176160000E+00
0.220	607.46	234.32	1.850760000E+19	1.501638286E+19	1.449361500E-02	2.225044423E+11	1.932169019E+12	5.069930368E+13	5.124113091E+15	3.522844318E+16	1.446356183E+17	2.353280000E+15	563.7580650530	3.166680000E+00
0.221	606.99	234.18	1.849470000E+19	1.500803383E+19	1.458938800E-02	2.230947897E+11	1.935592024E+12	5.091288236E+13	5.144939947E+15	3.524693667E+16	1.444775461E+17	2.363900000E+15	563.1084330366	3.157190000E+00
0.222	606.52	234.04	1.848170000E+19	1.499965043E+19	1.468553600E-02	2.236874986E+11	1.939029929E+12	5.112785772E+13	5.166068787E+15	3.526566131E+16	1.443184772E+17	2.374610000E+15	562.4562341074	3.147690000E+00
0.223	606.05	233.90	1.846870000E+19	1.499123267E+19	1.478206000E-02	2.242825818E+11	1.942482820E+12	5.134424083E+13	5.187502902E+15	3.528461657E+16	1.441584083E+17	2.385410000E+15	561.8014749687	3.138180000E+00
0.224	605.58	233.76	1.845560000E+19	1.498278058E+19	1.487896200E-02	2.248800519E+11	1.945950786E+12	5.156204283E+13	5.209245605E+15	3.530380183E+16	1.439973360E+17	2.396290000E+15	561.1441630976	3.128660000E+00
0.225	605.10	233.62	1.844250000E+19	1.497429420E+19	1.497624500E-02	2.254799217E+11	1.949433917E+12	5.178127499E+13	5.231300222E+15	3.532321642E+16	1.438352572E+17	2.407270000E+15	560.4843063688	3.119120000E+00
0.226	604.63	233.47	1.842930000E+19	1.496577355E+19	1.507391000E-02	2.260822042E+11	1.952932300E+12	5.200194867E+13	5.253670101E+15	3.534285960E+16	1.436721684E+17	2.418340000E+15	559.8219119311	3.109580000E+00
0.227	604.15	233.33	1.841610000E+19	1.495721866E+19	1.517196000E-02	2.266869124E+11	1.956446026E+12	5.222407534E+13	5.276358605E+15	3.536273056E+16	1.435080665E+17	2.429500000E+15	559.1569873312	3.100040000E+00
0.228	603.67	233.19	1.840280000E+19	1.494862957E+19	1.527039600E-02	2.272940594E+11	1.959975186E+12	5.244766657E+13	5.299369114E+15	3.538282843E+16	1.433429483E+17	2.440760000E+15	558.4895405123	3.090480000E+00
0.229	603.18	233.04	1.838950000E+19	1.494000630E+19	1.536922000E-02	2.279036583E+11	1.963519871E+12	5.267273405E+13	5.322705024E+15	3.540315226E+16	1.431768107E+17	2.452110000E+15	557.8195786929	3.080910000E+00
0.230	602.70	232.90	1.837610000E+19	1.493134889E+19	1.546843500E-02	2.285157225E+11	1.967080173E+12	5.289928958E+13	5.346369750E+15	3.542370104E+16	1.430096505E+17	2.463550000E+15	557.1471098615	3.071340000E+00
0.231	602.21	232.75	1.836260000E+19	1.492265736E+19	1.556804300E-02	2.291302652E+11	1.970656185E+12	5.312734505E+13	5.370366722E+15	3.544447369E+16	1.428414647E+17	2.475090000E+15	556.4721412827	3.061760000E+00
0.232	601.72	232.60	1.834910000E+19	1.491393175E+19	1.566804500E-02	2.297473001E+11	1.974248001E+12	5.335691247E+13	5.394699386E+15	3.546546908E+16	1.426722502E+17	2.486720000E+15	555.7946809899	3.052170000E+00
0.233	601.23	232.45	1.833560000E+19	1.490517209E+19	1.576844400E-02	2.303668405E+11	1.977855715E+12	5.358800398E+13	5.419371203E+15	3.548668598E+16	1.425020041E+17	2.498460000E+15	555.1147366661	3.042570000E+00
0.234	600.74	232.30	1.832200000E+19	1.489637842E+19	1.586924100E-02	2.309889002E+11	1.981479421E+12	5.382063181E+13	5.444385652E+15	3.550812313E+16	1.423307235E+17	2.510290000E+15	554.4323163887	3.032970000E+00
0.235	600.24	232.16	1.830830000E+19	1.488755076E+19	1.597044000E-02	2.316134928E+11	1.985119215E+12	5.405480831E+13	5.469746225E+15	3.552977918E+16	1.421584054E+17	2.522210000E+15	553.7474275130	3.023360000E+00
0.236	599.75	232.00	1.829460000E+19	1.487868915E+19	1.607204200E-02	2.322406322E+11	1.988775194E+12	5.429054596E+13	5.495456431E+15	3.555165272E+16	1.419850469E+17	2.534240000E+15	553.0600781608	3.013750000E+00
0.237	599.25	231.85	1.828090000E+19	1.486979363E+19	1.617404900E-02	2.328703324E+11	1.992447454E+12	5.452785735E+13	5.521519791E+15	3.557374226E+16	1.418106453E+17	2.546370000E+15	552.3702764755	3.004130000E+00
0.238	598.75	231.70	1.826710000E+19	1.486086422E+19	1.627646300E-02	2.335026073E+11	1.996136093E+12	5.476675517E+13	5.547939844E+15	3.559604628E+16	1.416351978E+17	2.558590000E+15	551.6780298792	2.994500000E+00
0.239	598.25	231.55	1.825320000E+19	1.485190097E+19	1.637928700E-02	2.341374710E+11	1.999841210E+12	5.500725226E+13	5.574720141E+15	3.561856316E+16	1.414587017E+17	2.570920000E+15	550.9833469303	2.984870000E+00
0.240	597.74	231.40	1.823930000E+19	1.484290391E+19	1.648252300E-02	2.347749378E+11	2.003562905E+12	5.524936156E+13	5.601864247E+15	3.564129122E+16	1.412811543E+17	2.583360000E+15	550.2862354655	2.975230000E+00
0.241	597.23	231.24	1.822530000E+19	1.483387306E+19	1.658617200E-02	2.354150219E+11	2.007301276E+12	5.549309613E+13	5.629375741E+15	3.566422873E+16	1.411025529E+17	2.595890000E+15	549.5867029735	2.965590000E+00
0.242	596.73	231.09	1.821130000E+19	1.482480848E+19	1.669023800E-02	2.360577378E+11	2.011056426E+12	5.573846918E+13	5.657258216E+15	3.568737387E+16	1.409228951E+17	2.608530000E+15	548.8847584464	2.955950000E+00
0.243	596.22	230.94	1.819730000E+19	1.481571019E+19	1.679472200E-02	2.367031000E+11	2.014828454E+12	5.598549401E+13	5.685515276E+15	3.571072479E+16	1.407421783E+17	2.621270000E+15	548.1804094158	2.946300000E+00
0.244	595.70	230.78	1.818310000E+19	1.480657823E+19	1.689962700E-02	2.373511231E+11	2.018617465E+12	5.623418407E+13	5.714150540E+15	3.573427954E+16	1.405603999E+17	2.634120000E+15	547.4736641750	2.936650000E+00
0.245	595.19	230.62	1.816900000E+19	1.479741265E+19	1.700495500E-02	2.380018217E+11	2.022423561E+12	5.648455294E+13	5.743167638E+15	3.575803613E+16	1.403775577E+17	2.647070000E+15	546.7645314080	2.926990000E+00
0.246	594.67	230.47	1.815480000E+19	1.478821346E+19	1.711070800E-02	2.386552108E+11	2.026246845E+12	5.673661430E+13	5.772570213E+15	3.578199250E+16	1.401936491E+17	2.660140000E+15	546.0530183411	2.917330000E+00
0.247	594.16	230.31	1.814050000E+19	1.477898073E+19	1.721688900E-02	2.393113052E+11	2.030087423E+12	5.699038200E+13	5.802361917E+15	3.580614650E+16	1.400086720E+17	2.673310000E+15	545.3391344383	2.907670000E+00
0.248	593.64	230.15	1.812620000E+19	1.476971447E+19	1.732349900E-02	2.399701199E+11	2.033945400E+12	5.724586998E+13	5.832546416E+15	3.583049597E+16	1.398226240E+17	2.686590000E+15	544.6228869686	2.898000000E+00
0.249	593.12	229.99	1.811180000E+19	1.476041473E+19	1.743054100E-02	2.406316701E+11	2.037820883E+12	5.750309236E+13	5.863127386E+15	3.585503863E+16	1.396355030E+17	2.699970000E+15	543.9042846982	2.888340000E+00
0.250	592.59	229.83	1.809740000E+19	1.475108156E+19	1.753801800E-02	2.412959709E+11	2.041713979E+12	5.776206335E+13	5.894108514E+15	3.587977217E+16	1.394473068E+17	2.713470000E+15	543.1833364129	2.878670000E+00
0.251	592.07	229.67	1.808290000E+19	1.474171498E+19	1.764593200E-02	2.419630378E+11	2.045624794E+12	5.802279733E+13	5.925493495E+15	3.590469421E+16	1.392580332E+17	2.727080000E+15	542.4600498135	2.869000000E+00
0.252	591.54	229.51	1.806840000E+19	1.473231505E+19	1.775428500E-02	2.426328861E+11	2.049553440E+12	5.828530879E+13	5.957286036E+15	3.592980232E+16	1.390676803E+17	2.740810000E+15	541.7344340938	2.859330000E+00
0.253	591.01	229.35	1.805390000E+19	1.472288179E+19	1.786308000E-02	2.433055315E+11	2.053500025E+12	5.854961238E+13	5.989489853E+15	3.595509398E+16	1.388762461E+17	2.754640000E+15	541.0064969961	2.849660000E+00
0.254	590.48	229.19	1.803920000E+19	1.471341525E+19	1.797231800E-02	2.439809895E+11	2.057464659E+12	5.881572288E+13	6.022108670E+15	3.598056662E+16	1.386837287E+17	2.768590000E+15	540.2762473859	2.839980000E+00
0.255	589.95	229.03	1.802460000E+19	1.470391547E+19	1.808200300E-02	2.446592759E+11	2.061447454E+12	5.908365522E+13	6.055146221E+15	3.600621763E+16	1.384901263E+17	2.782660000E+15	539.5436937810	2.830310000E+00
0.256	589.41	228.86	1.800990000E+19	1.469438250E+19	1.819213700E-02	2.453404067E+11	2.065448523E+12	5.935342447E+13	6.088606245E+15	3.603204431E+16	1.382954369E+17	2.796840000E+15	538.8088450852	2.820640000E+00
0.257	588.88	228.70	1.799510000E+19	1.468481637E+19	1.830272200E-02	2.460243978E+11	2.069467978E+12	5.962504583E+13	6.122492493E+15	3.605804392E+16	1.380996590E+17	2.811140000E+15	538.0717094885	2.810960000E+00
0.258	588.34	228.53	1.798030000E+19	1.467521713E+19	1.841376100E-02	2.467112653E+11	2.073505934E+12	5.989853468E+13	6.156808720E+15	3.608421364E+16	1.379027908E+17	2.825550000E+15	537.3322959337	2.801290000E+00
0.259	587.80	228.37	1.796540000E+19	1.466558482E+19	1.852525700E-02	2.474010254E+11	2.077562505E+12	6.017390652E+13	6.191558688E+15	3.611055061E+16	1.377048307E+17	2.840080000E+15	536.5906130163	2.791620000E+00
0.260	587.25	228.20	1.795050000E+19	1.465591948E+19	1.863721100E-02	2.480936945E+11	2.081637807E+12	6.045117701E+13	6.226746167E+15	3.613705189E+16	1.375057772E+17	2.854740000E+15	535.8466693509	2.781950000E+00
0.261	586.71	228.03	1.793550000E+19	1.464622116E+19	1.874962600E-02	2.487892891E+11	2.085731958E+12	6.073036196E+13	6.262374930E+15	3.616371452E+16	1.373056289E+17	2.869510000E+15	535.1004739373	2.772280000E+00
0.262	586.16	227.87	1.792050000E+19	1.463648989E+19	1.886250500E-02	2.494878256E+11	2.089845074E+12	6.101147734E+13	6.298448760E+15	3.619053543E+16	1.371043843E+17	2.884400000E+15	534.3520350629	2.762610000E+00
0.263	585.62	227.70	1.790550000E+19	1.462672574E+19	1.897585100E-02	2.501893208E+11	2.093977274E+12	6.129453926E+13	6.334971439E+15	3.621751153E+16	1.369020421E+17	2.899420000E+15	533.6013624947	2.752940000E+00
0.264	585.07	227.53	1.789040000E+19	1.461692873E+19	1.908966500E-02	2.508937916E+11	2.098128678E+12	6.157956401E+13	6.371946757E+15	3.624463965E+16	1.366986010E+17	2.914560000E+15	532.8484641930	2.743280000E+00
0.265	584.51	227.36	1.787520000E+19	1.460709892E+19	1.920395200E-02	2.516012547E+11	2.102299407E+12	6.186656801E+13	6.409378508E+15	3.627191659E+16	1.364940599E+17	2.929820000E+15	532.0933495961	2.733620000E+00
0.266	583.96	227.19	1.786000000E+19	1.459723634E+19	1.931871200E-02	2.523117272E+11	2.106489581E+12	6.215556787E+13	6.447270488E+15	3.629933906E+16	1.362884176E+17	2.945210000E+15	531.3360270671	2.723960000E+00
0.267	583.41	227.02	1.784480000E+19	1.458734106E+19	1.943394900E-02	2.530252264E+11	2.110699324E+12	6.244658034E+13	6.485626496E+15	3.632690374E+16	1.360816730E+17	2.960720000E+15	530.5765064440	2.714300000E+00
0.268	582.85	226.85	1.782950000E+19	1.457741310E+19	1.954966600E-02	2.537417695E+11	2.114928757E+12	6.273962234E+13	6.524450332E+15	3.635460725E+16	1.358738253E+17	2.976360000E+15	529.8147957628	2.704650000E+00
0.269	582.29	226.67	1.781410000E+19	1.456745253E+19	1.966586500E-02	2.544613740E+11	2.119178007E+12	6.303471096E+13	6.563745801E+15	3.638244613E+16	1.356648734E+17	2.992130000E+15	529.0509048964	2.695000000E+00
0.270	581.73	226.50	1.779870000E+19	1.455745938E+19	1.978254900E-02	2.551840573E+11	2.123447198E+12	6.333186346E+13	6.603516706E+15	3.641041691E+16	1.354548165E+17	3.008030000E+15	528.2848422810	2.685350000E+00
0.271	581.17	226.33	1.778330000E+19	1.454743370E+19	1.989972000E-02	2.559098371E+11	2.127736457E+12	6.363109725E+13	6.643766853E+15	3.643851603E+16	1.352436539E+17	3.024060000E+15	527.5166170979	2.675710000E+00
0.272	580.60	226.15	1.776780000E+19	1.453737555E+19	2.001738100E-02	2.566387313E+11	2.132045910E+12	6.393242993E+13	6.684500045E+15	3.646673989E+16	1.350313850E+17	3.040220000E+15	526.7462389079	2.666070000E+00
0.273	580.03	225.98	1.775230000E+19	1.452728496E+19	2.013553600E-02	2.573707578E+11	2.136375687E+12	6.423587928E+13	6.725720088E+15	3.649508484E+16	1.348180090E+17	3.056500000E+15	525.9737162015	2.656440000E+00
0.274	579.47	225.80	1.773670000E+19	1.451716200E+19	2.025418600E-02	2.581059345E+11	2.140725917E+12	6.454146323E+13	6.767430783E+15	3.652354717E+16	1.346035256E+17	3.072930000E+15	525.1990589357	2.646810000E+00
0.275	578.90	225.63	1.772100000E+19	1.450700670E+19	2.037333500E-02	2.588442798E+11	2.145096730E+12	6.484919990E+13	6.809635932E+15	3.655212312E+16	1.343879341E+17	3.089480000E+15	524.4222756362	2.637180000E+00
0.276	578.32	225.45	1.770540000E+19	1.449681912E+19	2.049298500E-02	2.595858118E+11	2.149488257E+12	6.515910760E+13	6.852339335E+15	3.658080888E+16	1.341712344E+17	3.106170000E+15	523.6433759314	2.627560000E+00
0.277	577.75	225.27	1.768960000E+19	1.448659931E+19	2.061313900E-02	2.603305491E+11	2.153900633E+12	6.547120480E+13	6.895544786E+15	3.660960060E+16	1.339534260E+17	3.123000000E+15	522.8623691044	2.617950000E+00
0.278	577.17	225.10	1.767390000E+19	1.447634731E+19	2.073380000E-02	2.610785103E+11	2.158333989E+12	6.578551017E+13	6.939256077E+15	3.663849437E+16	1.337345088E+17	3.139960000E+15	522.0792640942	2.608340000E+00
0.279	576.60	224.92	1.765810000E+19	1.446606318E+19	2.085497100E-02	2.618297140E+11	2.162788461E+12	6.610204255E+13	6.983476997E+15	3.666748621E+16	1.335144826E+17	3.157060000E+15	521.2940705785	2.598740000E+00
0.280	576.02	224.74	1.764220000E+19	1.445574696E+19	2.097665500E-02	2.625841791E+11	2.167264185E+12	6.642082099E+13	7.028211327E+15	3.669657214E+16	1.332933475E+17	3.174300000E+15	520.5067975297	2.589150000E+00
0.281	575.44	224.56	1.762630000E+19	1.444539872E+19	2.109885500E-02	2.633419247E+11	2.171761297E+12	6.674186471E+13	7.073462846E+15	3.672574809E+16	1.330711034E+17	3.191680000E+15	519.7174550175	2.579560000E+00
0.282	574.85	224.38	1.761030000E+19	1.443501849E+19	2.122157300E-02	2.641029698E+11	2.176279937E+12	6.706519312E+13	7.119235322E+15	3.675500995E+16	1.328477506E+17	3.209200000E+15	518.9260516872	2.569980000E+00
0.283	574.27	224.20	1.759430000E+19	1.442460634E+19	2.134481200E-02	2.648673337E+11	2.180820242E+12	6.739082583E+13	7.165532521E+15	3.678435358E+16	1.326232891E+17	3.226860000E+15	518.1325976396	2.560400000E+00
0.284	573.68	224.01	1.757830000E+19	1.441416231E+19	2.146857700E-02	2.656350358E+11	2.185382354E+12	6.771878265E+13	7.212358198E+15	3.681377478E+16	1.323977193E+17	3.244670000E+15	517.3371019123	2.550830000E+00
0.285	573.09	223.83	1.756220000E+19	1.440368646E+19	2.159286800E-02	2.664060957E+11	2.189966413E+12	6.804908359E+13	7.259716100E+15	3.684326930E+16	1.321710417E+17	3.262620000E+15	516.5395742774	2.541270000E+00
0.286	572.50	223.65	1.754600000E+19	1.439317883E+19	2.171769000E-02	2.671805331E+11	2.194572563E+12	6.838174885E+13	7.307609966E+15	3.687283287E+16	1.319432566E+17	3.280710000E+15	515.7400238049	2.531720000E+00
0.287	571.91	223.46	1.752990000E+19	1.438263949E+19	2.184304600E-02	2.679583678E+11	2.199200947E+12	6.871679883E+13	7.356043524E+15	3.690246114E+16	1.317143646E+17	3.298950000E+15	514.9384606560	2.522180000E+00
0.288	571.32	223.28	1.751360000E+19	1.437206848E+19	2.196893800E-02	2.687396199E+11	2.203851711E+12	6.905425414E+13	7.405020491E+15	3.693214974E+16	1.314843665E+17	3.317340000E+15	514.1348939316	2.512640000E+00
0.289	570.72	223.09	1.749740000E+19	1.436146586E+19	2.209536900E-02	2.695243094E+11	2.208525000E+12	6.939413561E+13	7.454544574E+15	3.696189424E+16	1.312532629E+17	3.335870000E+15	513.3293334647	2.503110000E+00
0.290	570.12	222.91	1.748100000E+19	1.435083169E+19	2.222234300E-02	2.703124567E+11	2.213220962E+12	6.973646426E+13	7.504619466E+15	3.699169020E+16	1.310210546E+17	3.354560000E+15	512.5217891021	2.493590000E+00
0.291	569.53	222.72	1.746470000E+19	1.434016600E+19	2.234986400E-02	2.711040822E+11	2.217939746E+12	7.008126134E+13	7.555248849E+15	3.702153310E+16	1.307877427E+17	3.373390000E+15	511.7122696343	2.484080000E+00
0.292	568.92	222.53	1.744830000E+19	1.432946887E+19	2.247793300E-02	2.718992065E+11	2.222681501E+12	7.042854829E+13	7.606436391E+15	3.705141840E+16	1.305533282E+17	3.392380000E+15	510.9007856524	2.474580000E+00
0.293	568.32	222.35	1.743180000E+19	1.431874035E+19	2.260655400E-02	2.726978503E+11	2.227446380E+12	7.077834679E+13	7.658185743E+15	3.708134151E+16	1.303178120E+17	3.411520000E+15	510.0873466901	2.465090000E+00
0.294	567.72	222.16	1.741530000E+19	1.430798048E+19	2.273573000E-02	2.735000345E+11	2.232234533E+12	7.113067873E+13	7.710500542E+15	3.711129781E+16	1.300811956E+17	3.430810000E+15	509.2719619400	2.455610000E+00
0.295	567.11	221.97	1.739880000E+19	1.429718933E+19	2.286546500E-02	2.743057803E+11	2.237046115E+12	7.148556622E+13	7.763384412E+15	3.714128264E+16	1.298434801E+17	3.450260000E+15	508.4546416780	2.446140000E+00
0.296	566.50	221.78	1.738220000E+19	1.428636696E+19	2.299576200E-02	2.751151088E+11	2.241881281E+12	7.184303159E+13	7.816840954E+15	3.717129128E+16	1.296046669E+17	3.469860000E+15	507.6353958370	2.436670000E+00
0.297	565.89	221.59	1.736560000E+19	1.427551340E+19	2.312662400E-02	2.759280413E+11	2.246740187E+12	7.220309741E+13	7.870873756E+15	3.720131900E+16	1.293647577E+17	3.489620000E+15	506.8142332983	2.427220000E+00
0.298	565.28	221.40	1.734890000E+19	1.426462873E+19	2.325805400E-02	2.767445995E+11	2.251622991E+12	7.256578647E+13	7.925486384E+15	3.723136103E+16	1.291237538E+17	3.509540000E+15	505.9911647337	2.417780000E+00
0.299	564.67	221.21	1.733220000E+19	1.425371300E+19	2.339005500E-02	2.775648050E+11	2.256529852E+12	7.293112180E+13	7.980682387E+15	3.726141253E+16	1.288816572E+17	3.529620000E+15	505.1661997629	2.408350000E+00
0.300	564.05	221.01	1.731540000E+19	1.424276626E+19	2.352263200E-02	2.783886797E+11	2.261460929E+12	7.329912665E+13	8.036465292E+15	3.729146868E+16	1.286384694E+17	3.549860000E+15	504.3393480197	2.398930000E+00
0.301	563.43	220.82	1.729860000E+19	1.423178857E+19	2.365578600E-02	2.792162456E+11	2.266416385E+12	7.366982453E+13	8.092838605E+15	3.732152457E+16	1.283941925E+17	3.570260000E+15	503.5106195060	2.389520000E+00
0.302	562.82	220.63	1.728180000E+19	1.422077999E+19	2.378952300E-02	2.800475249E+11	2.271396382E+12	7.404323916E+13	8.149805809E+15	3.735157530E+16	1.281488284E+17	3.590820000E+15	502.6800242369	2.380120000E+00
0.303	562.19	220.43	1.726490000E+19	1.420974058E+19	2.392384400E-02	2.808825399E+11	2.276401084E+12	7.441939453E+13	8.207370366E+15	3.738161591E+16	1.279023792E+17	3.611550000E+15	501.8475722401	2.370740000E+00
0.304	561.57	220.24	1.724800000E+19	1.419867038E+19	2.405875400E-02	2.817213132E+11	2.281430659E+12	7.479831486E+13	8.265535710E+15	3.741164140E+16	1.276548471E+17	3.632450000E+15	501.0132728503	2.361360000E+00
0.305	560.95	220.04	1.723100000E+19	1.418756947E+19	2.419425500E-02	2.825638675E+11	2.286485272E+12	7.518002463E+13	8.324305253E+15	3.744164678E+16	1.274062344E+17	3.653500000E+15	500.1771368278	2.352000000E+00
0.306	560.32	219.85	1.721400000E+19	1.417643788E+19	2.433035200E-02	2.834102257E+11	2.291565092E+12	7.556454857E+13	8.383682380E+15	3.747162697E+16	1.271565435E+17	3.674730000E+15	499.3391731813	2.342650000E+00
0.307	559.69	219.65	1.719690000E+19	1.416527569E+19	2.446704800E-02	2.842604107E+11	2.296670289E+12	7.595191165E+13	8.443670450E+15	3.750157692E+16	1.269057768E+17	3.696130000E+15	498.4993926955	2.333310000E+00
0.308	559.07	219.45	1.717980000E+19	1.415408296E+19	2.460434600E-02	2.851144459E+11	2.301801036E+12	7.634213911E+13	8.504272793E+15	3.753149149E+16	1.266539371E+17	3.717690000E+15	497.6578054617	2.323990000E+00
0.309	558.43	219.25	1.716270000E+19	1.414285973E+19	2.474225000E-02	2.859723546E+11	2.306957504E+12	7.673525644E+13	8.565492709E+15	3.756136557E+16	1.264010269E+17	3.739430000E+15	496.8144208808	2.314680000E+00
0.310	557.80	219.05	1.714550000E+19	1.413160606E+19	2.488076300E-02	2.868341604E+11	2.312139868E+12	7.713128942E+13	8.627333470E+15	3.759119397E+16	1.261470490E+17	3.761340000E+15	495.9692490702	2.305380000E+00
0.311	557.17	218.86	1.712830000E+19	1.412032202E+19	2.501989000E-02	2.876998870E+11	2.317348304E+12	7.753026407E+13	8.689798317E+15	3.762097151E+16	1.258920065E+17	3.783420000E+15	495.1223005097	2.296090000E+00
0.312	556.53	218.66	1.711100000E+19	1.410900766E+19	2.515963300E-02	2.885695584E+11	2.322582989E+12	7.793220668E+13	8.752890457E+15	3.765069296E+16	1.256359023E+17	3.805680000E+15	494.2735849894	2.286820000E+00
0.313	555.89	218.45	1.709370000E+19	1.409766304E+19	2.529999700E-02	2.894431987E+11	2.327844104E+12	7.833714382E+13	8.816613066E+15	3.768035307E+16	1.253787395E+17	3.828120000E+15	493.4231126621	2.277560000E+00
0.314	555.25	218.25	1.707640000E+19	1.408628822E+19	2.544098500E-02	2.903208323E+11	2.333131827E+12	7.874510235E+13	8.880969286E+15	3.770994657E+16	1.251205213E+17	3.850730000E+15	492.5708936924	2.268320000E+00
0.315	554.61	218.05	1.705900000E+19	1.407488325E+19	2.558260000E-02	2.912024836E+11	2.338446341E+12	7.915610938E+13	8.945962222E+15	3.773946816E+16	1.248612512E+17	3.873520000E+15	491.7169379071	2.259090000E+00
0.316	553.97	217.85	1.704160000E+19	1.406344820E+19	2.572484700E-02	2.920881773E+11	2.343787831E+12	7.957019233E+13	9.011594945E+15	3.776891252E+16	1.246009325E+17	3.896490000E+15	490.8612558435	2.249870000E+00
0.317	553.32	217.65	1.702410000E+19	1.405198312E+19	2.586773000E-02	2.929779383E+11	2.349156480E+12	7.998737889E+13	9.077870488E+15	3.779827431E+16	1.243395687E+17	3.919640000E+15	490.0038573518	2.240670000E+00
0.318	552.68	217.44	1.700660000E+19	1.404048807E+19	2.601125100E-02	2.938717916E+11	2.354552476E+12	8.040769704E+13	9.144791845E+15	3.782754815E+16	1.240771637E+17	3.942970000E+15	489.1447526428	2.231480000E+00
0.319	552.03	217.24	1.698900000E+19	1.402896311E+19	2.615541500E-02	2.947697626E+11	2.359976008E+12	8.083117505E+13	9.212361972E+15	3.785672865E+16	1.238137210E+17	3.966490000E+15	488.2839519385	2.222310000E+00
0.320	551.38	217.03	1.697140000E+19	1.401740830E+19	2.630022600E-02	2.956718766E+11	2.365427266E+12	8.125784150E+13	9.280583783E+15	3.788581041E+16	1.235492446E+17	3.990190000E+15	487.4214654719	2.213150000E+00
0.321	550.72	216.83	1.695380000E+19	1.400582370E+19	2.644568800E-02	2.965781594E+11	2.370906441E+12	8.168772525E+13	9.349460151E+15	3.791478800E+16	1.232837384E+17	4.014080000E+15	486.5573034866	2.204000000E+00
0.322	550.07	216.62	1.693610000E+19	1.399420935E+19	2.659180400E-02	2.974886368E+11	2.376413727E+12	8.212085549E+13	9.418993908E+15	3.794365596E+16	1.230172066E+17	4.038150000E+15	485.6914755432	2.194880000E+00
0.323	549.42	216.41	1.691840000E+19	1.398256533E+19	2.673857800E-02	2.984033348E+11	2.381949320E+12	8.255726169E+13	9.489187839E+15	3.797240883E+16	1.227496534E+17	4.062420000E+15	484.8239926021	2.185760000E+00
0.324	548.76	216.21	1.690070000E+19	1.397089169E+19	2.688601600E-02	2.993222798E+11	2.387513416E+12	8.299697364E+13	9.560044687E+15	3.800104111E+16	1.224810830E+17	4.086870000E+15	483.9548645926	2.176670000E+00
0.325	548.10	216.00	1.688290000E+19	1.395918849E+19	2.703411900E-02	3.002454982E+11	2.393106214E+12	8.344002145E+13	9.631567146E+15	3.802954732E+16	1.222114998E+17	4.111520000E+15	483.0841018017	2.167590000E+00
0.326	547.44	215.79	1.686500000E+19	1.394745579E+19	2.718289300E-02	3.011730166E+11	2.398727915E+12	8.388643553E+13	9.703757866E+15	3.805792192E+16	1.219409085E+17	4.136350000E+15	482.2117145268	2.158520000E+00
0.327	546.78	215.58	1.684720000E+19	1.393569364E+19	2.733234100E-02	3.021048620E+11	2.404378720E+12	8.433624664E+13	9.776619447E+15	3.808615938E+16	1.216693136E+17	4.161390000E+15	481.3377127299	2.149470000E+00
0.328	546.11	215.37	1.682930000E+19	1.392390210E+19	2.748246900E-02	3.030410614E+11	2.410058834E+12	8.478948584E+13	9.850154437E+15	3.811425416E+16	1.213967199E+17	4.186610000E+15	480.4621067296	2.140440000E+00
0.329	545.45	215.16	1.681130000E+19	1.391208123E+19	2.763327800E-02	3.039816423E+11	2.415768462E+12	8.524618452E+13	9.924365338E+15	3.814220069E+16	1.211231323E+17	4.212040000E+15	479.5849068544	2.131430000E+00
0.330	544.78	214.95	1.679330000E+19	1.390023110E+19	2.778477500E-02	3.049266320E+11	2.421507813E+12	8.570637443E+13	9.999254595E+15	3.816999339E+16	1.208485556E+17	4.237660000E+15	478.7061237869	2.122430000E+00
0.331	544.11	214.74	1.677530000E+19	1.388835174E+19	2.793696300E-02	3.058760583E+11	2.427277096E+12	8.617008763E+13	1.007482460E+16	3.819762668E+16	1.205729951E+17	4.263480000E+15	477.8257668423	2.113440000E+00
0.332	543.44	214.53	1.675730000E+19	1.387644323E+19	2.808984600E-02	3.068299493E+11	2.433076522E+12	8.663735652E+13	1.015107771E+16	3.822509495E+16	1.202964559E+17	4.289500000E+15	476.9438470675	2.104480000E+00
0.333	542.77	214.31	1.673920000E+19	1.386450563E+19	2.824342900E-02	3.077883331E+11	2.438906304E+12	8.710821386E+13	1.022801618E+16	3.825239259E+16	1.200189432E+17	4.315720000E+15	476.0603748297	2.095530000E+00
0.334	542.09	214.10	1.672100000E+19	1.385253898E+19	2.839771500E-02	3.087512381E+11	2.444766659E+12	8.758269276E+13	1.030564226E+16	3.827951399E+16	1.197404625E+17	4.342150000E+15	475.1753598196	2.086600000E+00
0.335	541.42	213.88	1.670280000E+19	1.384054334E+19	2.855271000E-02	3.097186929E+11	2.450657802E+12	8.806082667E+13	1.038395811E+16	3.830645351E+16	1.194610194E+17	4.368780000E+15	474.2888124249	2.077690000E+00
0.336	540.74	213.67	1.668460000E+19	1.382851877E+19	2.870841700E-02	3.106907265E+11	2.456579954E+12	8.854264941E+13	1.046296585E+16	3.833320551E+16	1.191806194E+17	4.395620000E+15	473.4007430429	2.068790000E+00
0.337	540.06	213.45	1.666640000E+19	1.381646534E+19	2.886484100E-02	3.116673678E+11	2.462533334E+12	8.902819515E+13	1.054266752E+16	3.835976434E+16	1.188992683E+17	4.422660000E+15	472.5111624216	2.059910000E+00
0.338	539.38	213.24	1.664810000E+19	1.380438309E+19	2.902198600E-02	3.126486463E+11	2.468518167E+12	8.951749844E+13	1.062306510E+16	3.838612436E+16	1.186169720E+17	4.449910000E+15	471.6200802917	2.051050000E+00
0.339	538.70	213.02	1.662980000E+19	1.379227207E+19	2.917985700E-02	3.136345916E+11	2.474534678E+12	9.001059419E+13	1.070416053E+16	3.841227990E+16	1.183337364E+17	4.477380000E+15	470.7275067370	2.042210000E+00
0.340	538.01	212.80	1.661140000E+19	1.378013236E+19	2.933845800E-02	3.146252333E+11	2.480583094E+12	9.050751770E+13	1.078595567E+16	3.843822531E+16	1.180495676E+17	4.505050000E+15	469.8334528741	2.033390000E+00
0.341	537.33	212.59	1.659300000E+19	1.376796400E+19	2.949779400E-02	3.156206015E+11	2.486663643E+12	9.100830462E+13	1.086845230E+16	3.846395490E+16	1.177644717E+17	4.532940000E+15	468.9379284630	2.024580000E+00
0.342	536.64	212.37	1.657450000E+19	1.375576704E+19	2.965786900E-02	3.166207266E+11	2.492776558E+12	9.151299102E+13	1.095165217E+16	3.848946301E+16	1.174784552E+17	4.561040000E+15	468.0409436154	2.015800000E+00
0.343	535.95	212.15	1.655610000E+19	1.374354155E+19	2.981868800E-02	3.176256391E+11	2.498922072E+12	9.202161333E+13	1.103555692E+16	3.851474396E+16	1.171915243E+17	4.589360000E+15	467.1425091323	2.007030000E+00
0.344	535.26	211.93	1.653760000E+19	1.373128757E+19	2.998025600E-02	3.186353697E+11	2.505100420E+12	9.253420840E+13	1.112016815E+16	3.853979208E+16	1.169036856E+17	4.617890000E+15	466.2426348033	1.998280000E+00
0.345	534.57	211.71	1.651900000E+19	1.371900517E+19	3.014257600E-02	3.196499495E+11	2.511311841E+12	9.305081346E+13	1.120548737E+16	3.856460168E+16	1.166149458E+17	4.646650000E+15	465.3413314462	1.989550000E+00
0.346	533.88	211.49	1.650040000E+19	1.370669439E+19	3.030565500E-02	3.206694097E+11	2.517556573E+12	9.357146615E+13	1.129151604E+16	3.858916709E+16	1.163253115E+17	4.675620000E+15	464.4386088693	1.980840000E+00
0.347	533.18	211.27	1.648180000E+19	1.369435529E+19	3.046949600E-02	3.216937818E+11	2.523834861E+12	9.409620452E+13	1.137825553E+16	3.861348262E+16	1.160347896E+17	4.704820000E+15	463.5344775683	1.972150000E+00
0.348	532.48	211.04	1.646310000E+19	1.368198793E+19	3.063410500E-02	3.227230977E+11	2.530146947E+12	9.462506702E+13	1.146570714E+16	3.863754260E+16	1.157433870E+17	4.734230000E+15	462.6289480470	1.963480000E+00
0.349	531.78	210.82	1.644440000E+19	1.366959235E+19	3.079948500E-02	3.237573894E+11	2.536493079E+12	9.515809254E+13	1.155387209E+16	3.866134135E+16	1.154511109E+17	4.763870000E+15	461.7220301413	1.954820000E+00
0.350	531.08	210.60	1.642570000E+19	1.365716861E+19	3.096564300E-02	3.247966892E+11	2.542873506E+12	9.569532038E+13	1.164275153E+16	3.868487319E+16	1.151579683E+17	4.793740000E+15	460.8137343722	1.946190000E+00
0.351	530.38	210.37	1.640690000E+19	1.364471676E+19	3.113258200E-02	3.258410297E+11	2.549288478E+12	9.623679026E+13	1.173234654E+16	3.870813247E+16	1.148639666E+17	4.823840000E+15	459.9040709316	1.937580000E+00
0.352	529.68	210.15	1.638810000E+19	1.363223685E+19	3.130030900E-02	3.268904437E+11	2.555738251E+12	9.678254237E+13	1.182265808E+16	3.873111350E+16	1.145691131E+17	4.854160000E+15	458.9930500197	1.928980000E+00
0.353	528.97	209.92	1.636930000E+19	1.361972894E+19	3.146882700E-02	3.279449642E+11	2.562223078E+12	9.733261729E+13	1.191368709E+16	3.875381062E+16	1.142734153E+17	4.884710000E+15	458.0806821821	1.920410000E+00
0.354	528.27	209.70	1.635040000E+19	1.360719308E+19	3.163814200E-02	3.290046248E+11	2.568743220E+12	9.788705608E+13	1.200543437E+16	3.877621819E+16	1.139768808E+17	4.915490000E+15	457.1669776356	1.911860000E+00
0.355	527.56	209.47	1.633150000E+19	1.359462931E+19	3.180825800E-02	3.300694591E+11	2.575298937E+12	9.844590024E+13	1.209790068E+16	3.879833055E+16	1.136795174E+17	4.946510000E+15	456.2519462698	1.903320000E+00
0.356	526.85	209.25	1.631260000E+19	1.358203769E+19	3.197918200E-02	3.311395009E+11	2.581890492E+12	9.900919172E+13	1.219108666E+16	3.882014206E+16	1.133813327E+17	4.977760000E+15	455.3355986547	1.894810000E+00
0.357	526.14	209.02	1.629360000E+19	1.356941826E+19	3.215091700E-02	3.322147845E+11	2.588518151E+12	9.957697294E+13	1.228499289E+16	3.884164708E+16	1.130823348E+17	5.009250000E+15	454.4179446973	1.886320000E+00
0.358	525.42	208.79	1.627460000E+19	1.355677108E+19	3.232347000E-02	3.332953443E+11	2.595182183E+12	1.001492868E+14	1.237961986E+16	3.886283999E+16	1.127825316E+17	5.040970000E+15	453.4989949834	1.877850000E+00
0.359	524.71	208.56	1.625550000E+19	1.354409619E+19	3.249684500E-02	3.343812153E+11	2.601882857E+12	1.007261766E+14	1.247496795E+16	3.888371516E+16	1.124819312E+17	5.072940000E+15	452.5787594371	1.869400000E+00
0.360	523.99	208.33	1.623640000E+19	1.353139365E+19	3.267104800E-02	3.354724324E+11	2.608620448E+12	1.013076862E+14	1.257103747E+16	3.890426701E+16	1.121805419E+17	5.105140000E+15	451.6572486595	1.860970000E+00
0.361	523.27	208.10	1.621730000E+19	1.351866350E+19	3.284608400E-02	3.365690309E+11	2.615395232E+12	1.018938600E+14	1.266782863E+16	3.892448992E+16	1.118783720E+17	5.137580000E+15	450.7344725913	1.852560000E+00
0.362	522.55	207.87	1.619820000E+19	1.350590578E+19	3.302195800E-02	3.376710466E+11	2.622207487E+12	1.024847427E+14	1.276534156E+16	3.894437832E+16	1.115754299E+17	5.170270000E+15	449.8104411825	1.844170000E+00
0.363	521.83	207.64	1.617900000E+19	1.349312055E+19	3.319867500E-02	3.387785155E+11	2.629057494E+12	1.030803797E+14	1.286357627E+16	3.896392664E+16	1.112717241E+17	5.203200000E+15	448.8851650576	1.835810000E+00
0.364	521.11	207.41	1.615970000E+19	1.348030784E+19	3.337624100E-02	3.398914736E+11	2.635945538E+12	1.036808167E+14	1.296253270E+16	3.898312931E+16	1.109672633E+17	5.236380000E+15	447.9586538502	1.827460000E+00
0.365	520.38	207.18	1.614050000E+19	1.346746771E+19	3.355466200E-02	3.410099577E+11	2.642871904E+12	1.042861001E+14	1.306221068E+16	3.900198080E+16	1.106620561E+17	5.269810000E+15	447.0309182001	1.819140000E+00
0.366	519.66	206.94	1.612120000E+19	1.345460020E+19	3.373394300E-02	3.421340046E+11	2.649836884E+12	1.048962767E+14	1.316260994E+16	3.902047557E+16	1.103561114E+17	5.303490000E+15	446.1019680901	1.810840000E+00
0.367	518.93	206.71	1.610190000E+19	1.344170535E+19	3.391409000E-02	3.432636514E+11	2.656840768E+12	1.055113939E+14	1.326373014E+16	3.903860811E+16	1.100494381E+17	5.337410000E+15	445.1718135116	1.802560000E+00
0.368	518.20	206.48	1.608250000E+19	1.342878321E+19	3.409510700E-02	3.443989356E+11	2.663883852E+12	1.061314995E+14	1.336557079E+16	3.905637293E+16	1.097420451E+17	5.371590000E+15	444.2404647954	1.794300000E+00
0.369	517.47	206.24	1.606310000E+19	1.341583383E+19	3.427700100E-02	3.455398951E+11	2.670966433E+12	1.067566420E+14	1.346813134E+16	3.907376455E+16	1.094339417E+17	5.406020000E+15	443.3079322795	1.786060000E+00
0.370	516.74	206.01	1.604370000E+19	1.340285723E+19	3.445977800E-02	3.466865679E+11	2.678088813E+12	1.073868703E+14	1.357141112E+16	3.909077750E+16	1.091251370E+17	5.440710000E+15	442.3742253185	1.777850000E+00
0.371	516.00	205.77	1.602420000E+19	1.338985346E+19	3.464344300E-02	3.478389926E+11	2.685251295E+12	1.080222340E+14	1.367540936E+16	3.910740634E+16	1.088156403E+17	5.475650000E+15	441.4393542678	1.769650000E+00
0.372	515.27	205.54	1.600470000E+19	1.337682257E+19	3.482800200E-02	3.489972078E+11	2.692454187E+12	1.086627830E+14	1.378012518E+16	3.912364564E+16	1.085054609E+17	5.510860000E+15	440.5033294892	1.761480000E+00
0.373	514.53	205.30	1.598520000E+19	1.336376460E+19	3.501346000E-02	3.501612527E+11	2.699697796E+12	1.093085681E+14	1.388555760E+16	3.913949000E+16	1.081946084E+17	5.546320000E+15	439.5661610222	1.753330000E+00
0.374	513.79	205.06	1.596560000E+19	1.335067958E+19	3.519982400E-02	3.513311667E+11	2.706982437E+12	1.099596404E+14	1.399170553E+16	3.915493405E+16	1.078830924E+17	5.582040000E+15	438.6278585862	1.745210000E+00
0.375	513.05	204.82	1.594600000E+19	1.333756755E+19	3.538710000E-02	3.525069896E+11	2.714308425E+12	1.106160517E+14	1.409856776E+16	3.916997240E+16	1.075709224E+17	5.618030000E+15	437.6884322380	1.737110000E+00
0.376	512.31	204.58	1.592640000E+19	1.332442855E+19	3.557529300E-02	3.536887615E+11	2.721676078E+12	1.112778543E+14	1.420614299E+16	3.918459973E+16	1.072581082E+17	5.654280000E+15	436.7478920422	1.729020000E+00
0.377	511.57	204.34	1.590670000E+19	1.331126262E+19	3.576441000E-02	3.548765228E+11	2.729085719E+12	1.119451012E+14	1.431442980E+16	3.919881072E+16	1.069446597E+17	5.690790000E+15	435.8062480713	1.720970000E+00
0.378	510.82	204.11	1.588700000E+19	1.329806979E+19	3.595445600E-02	3.560703143E+11	2.736537673E+12	1.126178460E+14	1.442342665E+16	3.921260007E+16	1.066305868E+17	5.727580000E+15	434.8635100787	1.712930000E+00
0.379	510.08	203.86	1.586730000E+19	1.328485010E+19	3.614543800E-02	3.572701772E+11	2.744032268E+12	1.132961427E+14	1.453313191E+16	3.922596251E+16	1.063158994E+17	5.764630000E+15	433.9196881531	1.704920000E+00
0.380	509.33	203.62	1.584760000E+19	1.327160359E+19	3.633736200E-02	3.584761531E+11	2.751569836E+12	1.139800462E+14	1.464354380E+16	3.923889280E+16	1.060006077E+17	5.801950000E+15	432.9747923911	1.696930000E+00
0.381	508.58	203.38	1.582780000E+19	1.325833028E+19	3.653023400E-02	3.596882836E+11	2.759150712E+12	1.146696119E+14	1.475466045E+16	3.925138572E+16	1.056847219E+17	5.839550000E+15	432.0288322448	1.688960000E+00
0.382	507.83	203.14	1.580790000E+19	1.324503022E+19	3.672406000E-02	3.609066111E+11	2.766775233E+12	1.153648957E+14	1.486647987E+16	3.926343608E+16	1.053682521E+17	5.877410000E+15	431.0818181531	1.681020000E+00
0.383	507.08	202.90	1.578810000E+19	1.323170343E+19	3.691884700E-02	3.621311782E+11	2.774443742E+12	1.160659543E+14	1.497899996E+16	3.927503871E+16	1.050512087E+17	5.915560000E+15	430.1337595854	1.673100000E+00
0.384	506.32	202.65	1.576820000E+19	1.321834994E+19	3.711460000E-02	3.633620278E+11	2.782156583E+12	1.167728450E+14	1.509221847E+16	3.928618847E+16	1.047336022E+17	5.953980000E+15	429.1846663460	1.665200000E+00
0.385	505.57	202.41	1.574830000E+19	1.320496979E+19	3.731132800E-02	3.645992032E+11	2.789914105E+12	1.174856257E+14	1.520613306E+16	3.929688026E+16	1.044154430E+17	5.992680000E+15	428.2345485721	1.657330000E+00
0.386	504.81	202.17	1.572830000E+19	1.319156301E+19	3.750903500E-02	3.658427481E+11	2.797716660E+12	1.182043552E+14	1.532074126E+16	3.930710900E+16	1.040967416E+17	6.031650000E+15	427.2834160840	1.649470000E+00
0.387	504.05	201.92	1.570830000E+19	1.317812962E+19	3.770772800E-02	3.670927067E+11	2.805564603E+12	1.189290926E+14	1.543604048E+16	3.931686963E+16	1.037775087E+17	6.070910000E+15	426.3312783866	1.641650000E+00
0.388	503.29	201.68	1.568830000E+19	1.316466965E+19	3.790741500E-02	3.683491234E+11	2.813458294E+12	1.196598979E+14	1.555202801E+16	3.932615713E+16	1.034577551E+17	6.110450000E+15	425.3781453181	1.633840000E+00
0.389	502.53	201.43	1.566820000E+19	1.315118313E+19	3.810810200E-02	3.696120430E+11	2.821398095E+12	1.203968318E+14	1.566870100E+16	3.933496652E+16	1.031374914E+17	6.150280000E+15	424.4240267250	1.626060000E+00
0.390	501.77	201.18	1.564810000E+19	1.313767008E+19	3.830979400E-02	3.708815108E+11	2.829384372E+12	1.211399555E+14	1.578605650E+16	3.934329284E+16	1.028167286E+17	6.190390000E+15	423.4689321393	1.618310000E+00
0.391	501.00	200.94	1.562800000E+19	1.312413053E+19	3.851250000E-02	3.721575725E+11	2.837417495E+12	1.218893313E+14	1.590409142E+16	3.935113116E+16	1.024954776E+17	6.230790000E+15	422.5128714248	1.610570000E+00
0.392	500.24	200.69	1.560790000E+19	1.311056451E+19	3.871622600E-02	3.734402740E+11	2.845497839E+12	1.226450218E+14	1.602280254E+16	3.935847659E+16	1.021737493E+17	6.271480000E+15	421.5558544532	1.602860000E+00
0.393	499.47	200.44	1.558770000E+19	1.309697203E+19	3.892097900E-02	3.747296619E+11	2.853625781E+12	1.234070905E+14	1.614218652E+16	3.936532429E+16	1.018515549E+17	6.312460000E+15	420.5978904619	1.595180000E+00
0.394	498.70	200.19	1.556750000E+19	1.308335312E+19	3.912676500E-02	3.760257831E+11	2.861801702E+12	1.241756017E+14	1.626223989E+16	3.937166941E+16	1.015289053E+17	6.353730000E+15	419.6389893405	1.587520000E+00
0.395	497.93	199.94	1.554720000E+19	1.306970780E+19	3.933359200E-02	3.773286847E+11	2.870025989E+12	1.249506203E+14	1.638295906E+16	3.937750719E+16	1.012058119E+17	6.395300000E+15	418.6791606664	1.579880000E+00
0.396	497.16	199.69	1.552690000E+19	1.305603609E+19	3.954146700E-02	3.786384145E+11	2.878299029E+12	1.257322120E+14	1.650434030E+16	3.938283285E+16	1.008822859E+17	6.437160000E+15	417.7184140257	1.572270000E+00
0.397	496.39	199.44	1.550660000E+19	1.304233801E+19	3.975039700E-02	3.799550206E+11	2.886621217E+12	1.265204433E+14	1.662637975E+16	3.938764170E+16	1.005583385E+17	6.479320000E+15	416.7567590142	1.564680000E+00
0.398	495.61	199.19	1.548630000E+19	1.302861358E+19	3.996038800E-02	3.812785516E+11	2.894992950E+12	1.273153815E+14	1.674907342E+16	3.939192904E+16	1.002339811E+17	6.521770000E+15	415.7942052362	1.557110000E+00
0.399	494.84	198.94	1.546590000E+19	1.301486280E+19	4.017144900E-02	3.826090564E+11	2.903414630E+12	1.281170946E+14	1.687241718E+16	3.939569025E+16	9.990922521E+16	6.564530000E+15	414.8307616680	1.549570000E+00
0.400	494.06	198.69	1.544550000E+19	1.300108571E+19	4.038358700E-02	3.839465845E+11	2.911886662E+12	1.289256514E+14	1.699640680E+16	3.939892071E+16	9.958408221E+16	6.607580000E+15	413.8664385711	1.542050000E+00
0.401	493.28	198.43	1.542510000E+19	1.298728231E+19	4.059680800E-02	3.852911857E+11	2.920409456E+12	1.297411216E+14	1.712103788E+16	3.940161586E+16	9.925856365E+16	6.650940000E+15	412.9012449409	1.534560000E+00
0.402	492.50	198.18	1.540460000E+19	1.297345262E+19	4.081112100E-02	3.866429103E+11	2.928983427E+12	1.305635755E+14	1.724630590E+16	3.940377118E+16	9.893268111E+16	6.694610000E+15	411.9351904198	1.527090000E+00
0.403	491.72	197.93	1.538410000E+19	1.295959665E+19	4.102653300E-02	3.880018091E+11	2.937608992E+12	1.313930844E+14	1.737220621E+16	3.940538218E+16	9.860644622E+16	6.738580000E+15	410.9682843418	1.519650000E+00
0.404	490.93	197.67	1.536360000E+19	1.294571441E+19	4.124305000E-02	3.893679332E+11	2.946286575E+12	1.322297205E+14	1.749873403E+16	3.940644442E+16	9.827987066E+16	6.782850000E+15	410.0005360512	1.512230000E+00
0.405	490.15	197.42	1.534300000E+19	1.293180591E+19	4.146068200E-02	3.907413344E+11	2.955016603E+12	1.330735566E+14	1.762588442E+16	3.940695350E+16	9.795296615E+16	6.827440000E+15	409.0319549022	1.504830000E+00
0.406	489.36	197.16	1.532240000E+19	1.291787117E+19	4.167943500E-02	3.921220648E+11	2.963799508E+12	1.339246666E+14	1.775365234E+16	3.940690506E+16	9.762574446E+16	6.872340000E+15	408.0625505753	1.497460000E+00
0.407	488.57	196.91	1.530180000E+19	1.290391018E+19	4.189931800E-02	3.935101770E+11	2.972635726E+12	1.347831251E+14	1.788203258E+16	3.940629478E+16	9.729821740E+16	6.917550000E+15	407.0923318125	1.490120000E+00
0.408	487.78	196.65	1.528110000E+19	1.288992295E+19	4.212033800E-02	3.949057241E+11	2.981525698E+12	1.356490076E+14	1.801101982E+16	3.940511839E+16	9.697039682E+16	6.963070000E+15	406.1213079994	1.482790000E+00
0.409	486.99	196.39	1.526040000E+19	1.287590950E+19	4.234250300E-02	3.963087596E+11	2.990469870E+12	1.365223906E+14	1.814060859E+16	3.940337164E+16	9.664229461E+16	7.008910000E+15	405.1494888460	1.475500000E+00
0.410	486.20	196.14	1.523970000E+19	1.286186982E+19	4.256582000E-02	3.977193377E+11	2.999468691E+12	1.374033514E+14	1.827079328E+16	3.940105037E+16	9.631392271E+16	7.055060000E+15	404.1768831278	1.468230000E+00
0.411	485.41	195.88	1.521890000E+19	1.284780392E+19	4.279029900E-02	3.991375128E+11	3.008522618E+12	1.382919682E+14	1.840156815E+16	3.939815042E+16	9.598529308E+16	7.101540000E+15	403.2035002609	1.460980000E+00
0.412	484.61	195.62	1.519810000E+19	1.283371181E+19	4.301594700E-02	4.005633400E+11	3.017632110E+12	1.391883202E+14	1.853292734E+16	3.939466770E+16	9.565641771E+16	7.148330000E+15	402.2293496708	1.453760000E+00
0.413	483.82	195.36	1.517730000E+19	1.281959347E+19	4.324277100E-02	4.019968749E+11	3.026797632E+12	1.400924874E+14	1.866486480E+16	3.939059815E+16	9.532730865E+16	7.195450000E+15	401.2544398539	1.446560000E+00
0.414	483.02	195.10	1.515650000E+19	1.280544891E+19	4.347078200E-02	4.034381735E+11	3.036019653E+12	1.410045510E+14	1.879737441E+16	3.938593778E+16	9.499797795E+16	7.242880000E+15	400.2787802586	1.439390000E+00
0.415	482.22	194.84	1.513560000E+19	1.279127813E+19	4.369998600E-02	4.048872923E+11	3.045298649E+12	1.419245929E+14	1.893044985E+16	3.938068262E+16	9.466843771E+16	7.290650000E+15	399.3023800307	1.432240000E+00
0.416	481.42	194.58	1.511470000E+19	1.277708113E+19	4.393039200E-02	4.063442885E+11	3.054635100E+12	1.428526961E+14	1.906408471E+16	3.937482876E+16	9.433870003E+16	7.338740000E+15	398.3252483268	1.425120000E+00
0.417	480.62	194.32	1.509370000E+19	1.276285790E+19	4.416200800E-02	4.078092197E+11	3.064029491E+12	1.437889446E+14	1.919827240E+16	3.936837235E+16	9.400877708E+16	7.387150000E+15	397.3473940033	1.418020000E+00
0.418	479.82	194.06	1.507280000E+19	1.274860844E+19	4.439484300E-02	4.092821440E+11	3.073482313E+12	1.447334233E+14	1.933300624E+16	3.936130957E+16	9.367868100E+16	7.435890000E+15	396.3688262400	1.410940000E+00
0.419	479.01	193.79	1.505180000E+19	1.273433273E+19	4.462890600E-02	4.107631201E+11	3.082994060E+12	1.456862182E+14	1.946827936E+16	3.935363665E+16	9.334842399E+16	7.484970000E+15	395.3895536064	1.403900000E+00
0.420	478.21	193.53	1.503070000E+19	1.272003077E+19	4.486420600E-02	4.122522073E+11	3.092565235E+12	1.466474163E+14	1.960408479E+16	3.934534988E+16	9.301801825E+16	7.534380000E+15	394.4095853064	1.396870000E+00
0.421	477.40	193.27	1.500970000E+19	1.270570256E+19	4.510075000E-02	4.137494653E+11	3.102196344E+12	1.476171057E+14	1.974041542E+16	3.933644559E+16	9.268747601E+16	7.584120000E+15	393.4289305546	1.389880000E+00
0.422	476.59	193.00	1.498860000E+19	1.269134808E+19	4.533854800E-02	4.152549545E+11	3.111887899E+12	1.485953754E+14	1.987726397E+16	3.932692018E+16	9.235680950E+16	7.634190000E+15	392.4475979577	1.382900000E+00
0.423	475.78	192.74	1.496740000E+19	1.267696731E+19	4.557760900E-02	4.167687357E+11	3.121640418E+12	1.495823156E+14	2.001462307E+16	3.931677007E+16	9.202603098E+16	7.684600000E+15	391.4655961362	1.375950000E+00
0.424	474.97	192.47	1.494630000E+19	1.266256025E+19	4.581794100E-02	4.182908704E+11	3.131454424E+12	1.505780176E+14	2.015248516E+16	3.930599176E+16	9.169515270E+16	7.735350000E+15	390.4829343415	1.369030000E+00
0.425	474.16	192.21	1.492510000E+19	1.264812689E+19	4.605955400E-02	4.198214207E+11	3.141330446E+12	1.515825736E+14	2.029084260E+16	3.929458179E+16	9.136418695E+16	7.786440000E+15	389.4996215273	1.362130000E+00
0.426	473.34	191.94	1.490390000E+19	1.263366719E+19	4.630245800E-02	4.213604491E+11	3.151269020E+12	1.525960772E+14	2.042968756E+16	3.928253675E+16	9.103314599E+16	7.837870000E+15	388.5156657368	1.355260000E+00
0.427	472.53	191.67	1.488260000E+19	1.261918115E+19	4.654666000E-02	4.229080190E+11	3.161270686E+12	1.536186228E+14	2.056901212E+16	3.926985328E+16	9.070204212E+16	7.889640000E+15	387.5310762588	1.348420000E+00
0.428	471.71	191.41	1.486130000E+19	1.260466875E+19	4.679217000E-02	4.244641940E+11	3.171335992E+12	1.546503063E+14	2.070880819E+16	3.925652808E+16	9.037088763E+16	7.941750000E+15	386.5458617789	1.341590000E+00
0.429	470.89	191.14	1.484000000E+19	1.259012997E+19	4.703899900E-02	4.260290387E+11	3.181465491E+12	1.556912245E+14	2.084906756E+16	3.924255792E+16	9.003969480E+16	7.994210000E+15	385.5600309963	1.334800000E+00
0.430	470.07	190.87	1.481860000E+19	1.257556478E+19	4.728715400E-02	4.276026180E+11	3.191659741E+12	1.567414753E+14	2.098978189E+16	3.922793959E+16	8.970847592E+16	8.047020000E+15	384.5735923179	1.328030000E+00
0.431	469.25	190.60	1.479730000E+19	1.256097316E+19	4.753664600E-02	4.291849975E+11	3.201919308E+12	1.578011581E+14	2.113094269E+16	3.921266996E+16	8.937724329E+16	8.100170000E+15	383.5865544715	1.321280000E+00
0.432	468.43	190.33	1.477590000E+19	1.254635509E+19	4.778748500E-02	4.307762435E+11	3.212244765E+12	1.588703733E+14	2.127254137E+16	3.919674594E+16	8.904600919E+16	8.153670000E+15	382.5989261978	1.314560000E+00
0.433	467.61	190.06	1.475440000E+19	1.253171055E+19	4.803968000E-02	4.323764229E+11	3.222636688E+12	1.599492224E+14	2.141456916E+16	3.918016452E+16	8.871478590E+16	8.207530000E+15	381.6107162514	1.307860000E+00
0.434	466.78	189.79	1.473290000E+19	1.251703950E+19	4.829324100E-02	4.339856032E+11	3.233095664E+12	1.610378084E+14	2.155701719E+16	3.916292272E+16	8.838358568E+16	8.261730000E+15	380.6219327917	1.301190000E+00
0.435	465.96	189.52	1.471140000E+19	1.250234191E+19	4.854817800E-02	4.356038525E+11	3.243622282E+12	1.621362354E+14	2.169987647E+16	3.914501762E+16	8.805242079E+16	8.316290000E+15	379.6325842987	1.294550000E+00
0.436	465.13	189.25	1.468990000E+19	1.248761776E+19	4.880450100E-02	4.372312398E+11	3.254217143E+12	1.632446088E+14	2.184313784E+16	3.912644637E+16	8.772130350E+16	8.371210000E+15	378.6426795705	1.287930000E+00
0.437	464.30	188.98	1.466830000E+19	1.247286701E+19	4.906221900E-02	4.388678344E+11	3.264880849E+12	1.643630352E+14	2.198679204E+16	3.910720618E+16	8.739024601E+16	8.426480000E+15	377.6522268127	1.281330000E+00
0.438	463.47	188.71	1.464670000E+19	1.245808964E+19	4.932134400E-02	4.405137065E+11	3.275614013E+12	1.654916226E+14	2.213082968E+16	3.908729429E+16	8.705926057E+16	8.482100000E+15	376.6612348524	1.274770000E+00
0.439	462.64	188.43	1.462510000E+19	1.244328560E+19	4.958188500E-02	4.421689269E+11	3.286417254E+12	1.666304804E+14	2.227524123E+16	3.906670802E+16	8.672835936E+16	8.538090000E+15	375.6697116240	1.268220000E+00
0.440	461.81	188.16	1.460340000E+19	1.242845486E+19	4.984385300E-02	4.438335671E+11	3.297291197E+12	1.677797191E+14	2.242001705E+16	3.904544475E+16	8.639755456E+16	8.594440000E+15	374.6776656829	1.261700000E+00
0.441	460.97	187.89	1.458170000E+19	1.241359739E+19	5.010725800E-02	4.455076993E+11	3.308236476E+12	1.689394507E+14	2.256514737E+16	3.902350192E+16	8.606685834E+16	8.651140000E+15	373.6851055995	1.255210000E+00
0.442	460.14	187.61	1.456000000E+19	1.239871313E+19	5.037211100E-02	4.471913964E+11	3.319253730E+12	1.701097886E+14	2.271062228E+16	3.900087701E+16	8.573628283E+16	8.708210000E+15	372.6920390569	1.248740000E+00
0.443	459.30	187.34	1.453820000E+19	1.238380207E+19	5.063842300E-02	4.488847320E+11	3.330343608E+12	1.712908476E+14	2.285643178E+16	3.897756758E+16	8.540584014E+16	8.765650000E+15	371.6984752590	1.242300000E+00
0.444	458.46	187.06	1.451640000E+19	1.236886414E+19	5.090620400E-02	4.505877804E+11	3.341506764E+12	1.724827437E+14	2.300256571E+16	3.895357124E+16	8.507554234E+16	8.823450000E+15	370.7044216223	1.235880000E+00
0.445	457.62	186.79	1.449460000E+19	1.235389931E+19	5.117546400E-02	4.523006166E+11	3.352743861E+12	1.736855946E+14	2.314901382E+16	3.892888567E+16	8.474540150E+16	8.881620000E+15	369.7098867822	1.229490000E+00
0.446	456.78	186.51	1.447270000E+19	1.233890753E+19	5.144621600E-02	4.540233164E+11	3.364055569E+12	1.748995192E+14	2.329576573E+16	3.890350859E+16	8.441542962E+16	8.940150000E+15	368.7148787907	1.223130000E+00
0.447	455.94	186.23	1.445090000E+19	1.232388876E+19	5.171847000E-02	4.557559563E+11	3.375442568E+12	1.761246382E+14	2.344281093E+16	3.887743780E+16	8.408563870E+16	8.999060000E+15	367.7194060164	1.216790000E+00
0.448	455.10	185.96	1.442890000E+19	1.230884295E+19	5.199223700E-02	4.574986135E+11	3.386905543E+12	1.773610734E+14	2.359013883E+16	3.885067116E+16	8.375604070E+16	9.058330000E+15	366.7234765460	1.210470000E+00
0.449	454.25	185.68	1.440700000E+19	1.229377005E+19	5.226752900E-02	4.592513661E+11	3.398445187E+12	1.786089483E+14	2.373773870E+16	3.882320659E+16	8.342664751E+16	9.117980000E+15	365.7270984840	1.204180000E+00
0.450	453.41	185.40	1.438500000E+19	1.227867000E+19	5.254435600E-02	4.610142929E+11	3.410062205E+12	1.798683881E+14	2.388559969E+16	3.879504206E+16	8.309747103E+16	9.178000000E+15	364.7302796560	1.197910000E+00
0.451	452.56	185.12	1.436300000E+19	1.226354277E+19	5.282273100E-02	4.627874733E+11	3.421757306E+12	1.811395192E+14	2.403371085E+16	3.876617562E+16	8.276852308E+16	9.238390000E+15	363.7330287967	1.191670000E+00
0.452	451.71	184.84	1.434090000E+19	1.224838828E+19	5.310266400E-02	4.645709879E+11	3.433531210E+12	1.824224697E+14	2.418206113E+16	3.873660537E+16	8.243981546E+16	9.299160000E+15	362.7353531745	1.185460000E+00
0.453	450.87	184.56	1.431880000E+19	1.223320649E+19	5.338416900E-02	4.663649176E+11	3.445384643E+12	1.837173694E+14	2.433063935E+16	3.870632948E+16	8.211135991E+16	9.360310000E+15	361.7372612636	1.179270000E+00
0.454	450.02	184.28	1.429670000E+19	1.221799734E+19	5.366725500E-02	4.681693444E+11	3.457318343E+12	1.850243497E+14	2.447943426E+16	3.867534617E+16	8.178316814E+16	9.421830000E+15	360.7387609636	1.173110000E+00
0.455	449.16	184.00	1.427460000E+19	1.220276077E+19	5.395193600E-02	4.699843511E+11	3.469333055E+12	1.863435435E+14	2.462843446E+16	3.864365375E+16	8.145525179E+16	9.483730000E+15	359.7398601937	1.166970000E+00
0.456	448.31	183.72	1.425240000E+19	1.218749672E+19	5.423822400E-02	4.718100213E+11	3.481429532E+12	1.876750853E+14	2.477762848E+16	3.861125057E+16	8.112762248E+16	9.546020000E+15	358.7405668925	1.160860000E+00
0.457	447.46	183.44	1.423020000E+19	1.217220513E+19	5.452612900E-02	4.736464394E+11	3.493608538E+12	1.890191116E+14	2.492700474E+16	3.857813505E+16	8.080029174E+16	9.608680000E+15	357.7408890180	1.154770000E+00
0.458	446.60	183.16	1.420790000E+19	1.215688593E+19	5.481566600E-02	4.754936906E+11	3.505870845E+12	1.903757603E+14	2.507655156E+16	3.854430567E+16	8.047327109E+16	9.671730000E+15	356.7408342539	1.148700000E+00
0.459	445.75	182.87	1.418570000E+19	1.214153907E+19	5.510684600E-02	4.773518611E+11	3.518217233E+12	1.917451712E+14	2.522625717E+16	3.850976099E+16	8.014657195E+16	9.735160000E+15	355.7404108914	1.142670000E+00
0.460	444.89	182.59	1.416330000E+19	1.212616447E+19	5.539968100E-02	4.792210379E+11	3.530648496E+12	1.931274856E+14	2.537610970E+16	3.847449963E+16	7.982020572E+16	9.798970000E+15	354.7396263614	1.136650000E+00
0.461	444.03	182.31	1.414100000E+19	1.211076207E+19	5.569418400E-02	4.811013087E+11	3.543165432E+12	1.945228470E+14	2.552609720E+16	3.843852026E+16	7.949418372E+16	9.863170000E+15	353.7384887019	1.130670000E+00
0.462	443.17	182.02	1.411860000E+19	1.209533179E+19	5.599036900E-02	4.829927624E+11	3.555768852E+12	1.959314002E+14	2.567620760E+16	3.840182162E+16	7.916851721E+16	9.927750000E+15	352.7370053867	1.124710000E+00
0.463	442.31	181.74	1.409620000E+19	1.207987357E+19	5.628824700E-02	4.848954886E+11	3.568459577E+12	1.973532921E+14	2.582642877E+16	3.836440253E+16	7.884321740E+16	9.992730000E+15	351.7351844952	1.118770000E+00
0.464	441.45	181.45	1.407380000E+19	1.206438734E+19	5.658783100E-02	4.868095779E+11	3.581238436E+12	1.987886716E+14	2.597674850E+16	3.832626187E+16	7.851829542E+16	1.005810000E+16	350.7330338349	1.112860000E+00
0.465	440.58	181.17	1.405130000E+19	1.204887302E+19	5.688913600E-02	4.887351216E+11	3.594106271E+12	2.002376890E+14	2.612715447E+16	3.828739857E+16	7.819376236E+16	1.012380000E+16	349.7305609440	1.106970000E+00
0.466	439.72	180.88	1.402880000E+19	1.203333053E+19	5.719217400E-02	4.906722123E+11	3.607063932E+12	2.017004969E+14	2.627763429E+16	3.824781164E+16	7.786962920E+16	1.019000000E+16	348.7277733838	1.101110000E+00
0.467	438.85	180.59	1.400620000E+19	1.201775980E+19	5.749695800E-02	4.926209432E+11	3.620112280E+12	2.031772497E+14	2.642817550E+16	3.820750016E+16	7.754590690E+16	1.025650000E+16	347.7246790275	1.095270000E+00
0.468	437.98	180.31	1.398360000E+19	1.200216075E+19	5.780350200E-02	4.945814087E+11	3.633252188E+12	2.046681038E+14	2.657876556E+16	3.816646327E+16	7.722260631E+16	1.032340000E+16	346.7212854801	1.089460000E+00
0.469	437.12	180.02	1.396100000E+19	1.198653330E+19	5.811182000E-02	4.965537040E+11	3.646484537E+12	2.061732173E+14	2.672939185E+16	3.812470017E+16	7.689973823E+16	1.039080000E+16	345.7176003696	1.083670000E+00
0.470	436.25	179.73	1.393840000E+19	1.197087737E+19	5.842192400E-02	4.985379253E+11	3.659810223E+12	2.076927506E+14	2.688004169E+16	3.808221014E+16	7.657731338E+16	1.045850000E+16	344.7136313465	1.077910000E+00
0.471	435.38	179.44	1.391570000E+19	1.195519287E+19	5.873383000E-02	5.005341699E+11	3.673230150E+12	2.092268661E+14	2.703070232E+16	3.803899251E+16	7.625534240E+16	1.052660000E+16	343.7093857965	1.072180000E+00
0.472	434.50	179.15	1.389300000E+19	1.193947972E+19	5.904755100E-02	5.025425360E+11	3.686745235E+12	2.107757282E+14	2.718136092E+16	3.799504671E+16	7.593383586E+16	1.059510000E+16	342.7048714168	1.066460000E+00
0.473	433.63	178.86	1.387020000E+19	1.192373784E+19	5.936310200E-02	5.045631228E+11	3.700356404E+12	2.123395033E+14	2.733200461E+16	3.795037219E+16	7.561280425E+16	1.066400000E+16	341.7000959273	1.060780000E+00
0.474	432.76	178.57	1.384740000E+19	1.190796713E+19	5.968049500E-02	5.065960307E+11	3.714064599E+12	2.139183600E+14	2.748262044E+16	3.790496851E+16	7.529225797E+16	1.073330000E+16	340.6950664979	1.055120000E+00
0.475	431.88	178.28	1.382460000E+19	1.189216751E+19	5.999974700E-02	5.086413609E+11	3.727870771E+12	2.155124690E+14	2.763319541E+16	3.785883526E+16	7.497220735E+16	1.080300000E+16	339.6897908963	1.049480000E+00
0.476	431.01	177.99	1.380180000E+19	1.187633888E+19	6.032087200E-02	5.106992158E+11	3.741775882E+12	2.171220032E+14	2.778371646E+16	3.781197214E+16	7.465266264E+16	1.087310000E+16	338.6842763425	1.043870000E+00
0.477	430.13	177.70	1.377890000E+19	1.186048116E+19	6.064388300E-02	5.127696989E+11	3.755780909E+12	2.187471378E+14	2.793417048E+16	3.776437888E+16	7.433363400E+16	1.094360000E+16	337.6785306518	1.038280000E+00
0.478	429.25	177.41	1.375600000E+19	1.184459425E+19	6.096879700E-02	5.148529146E+11	3.769886841E+12	2.203880501E+14	2.808454432E+16	3.771605530E+16	7.401513149E+16	1.101450000E+16	336.6725610937	1.032720000E+00
0.479	428.37	177.12	1.373300000E+19	1.182867806E+19	6.129562800E-02	5.169489685E+11	3.784094678E+12	2.220449195E+14	2.823482476E+16	3.766700128E+16	7.369716512E+16	1.108580000E+16	335.6663752476	1.027180000E+00
0.480	427.49	176.82	1.371000000E+19	1.181273248E+19	6.162439100E-02	5.190579675E+11	3.798405435E+12	2.237179282E+14	2.838499856E+16	3.761721676E+16	7.337974476E+16	1.115750000E+16	334.6599801505	1.021660000E+00
0.481	426.61	176.53	1.368700000E+19	1.179675742E+19	6.195510200E-02	5.211800192E+11	3.812820137E+12	2.254072601E+14	2.853505242E+16	3.756670176E+16	7.306288024E+16	1.122960000E+16	333.6533834331	1.016180000E+00
0.482	425.72	176.24	1.366390000E+19	1.178075279E+19	6.228777600E-02	5.233152328E+11	3.827339826E+12	2.271131020E+14	2.868497302E+16	3.751545637E+16	7.274658126E+16	1.130210000E+16	332.6465927504	1.010710000E+00
0.483	424.84	175.94	1.364080000E+19	1.176471847E+19	6.262242900E-02	5.254637182E+11	3.841965555E+12	2.288356427E+14	2.883474699E+16	3.746348073E+16	7.243085746E+16	1.137500000E+16	331.6396149359	1.005270000E+00
0.484	423.95	175.65	1.361770000E+19	1.174865437E+19	6.295907600E-02	5.276255869E+11	3.856698393E+12	2.305750736E+14	2.898436094E+16	3.741077508E+16	7.211571836E+16	1.144830000E+16	330.6324576973	9.998600000E-01
0.485	423.07	175.35	1.359450000E+19	1.173256038E+19	6.329773300E-02	5.298009513E+11	3.871539419E+12	2.323315885E+14	2.913380144E+16	3.735733970E+16	7.180117340E+16	1.152200000E+16	329.6251282042	9.944700000E-01
0.486	422.18	175.06	1.357130000E+19	1.171643640E+19	6.363841700E-02	5.319899250E+11	3.886489730E+12	2.341053837E+14	2.928305503E+16	3.730317494E+16	7.148723191E+16	1.159620000E+16	328.6176339351	9.891000000E-01
0.487	421.29	174.76	1.354810000E+19	1.170028232E+19	6.398114300E-02	5.341926229E+11	3.901550436E+12	2.358966581E+14	2.943210825E+16	3.724828123E+16	7.117390314E+16	1.167070000E+16	327.6099821142	9.837600000E-01
0.488	420.40	174.47	1.352480000E+19	1.168409802E+19	6.432592900E-02	5.364091612E+11	3.916722661E+12	2.377056131E+14	2.958094760E+16	3.719265907E+16	7.086119623E+16	1.174560000E+16	326.6021797142	9.784400000E-01
0.489	419.51	174.17	1.350150000E+19	1.166788341E+19	6.467279000E-02	5.386396572E+11	3.932007546E+12	2.395324526E+14	2.972955957E+16	3.713630902E+16	7.054912021E+16	1.182100000E+16	325.5942345744	9.731500000E-01
0.490	418.62	173.87	1.347810000E+19	1.165163837E+19	6.502174400E-02	5.408842294E+11	3.947406245E+12	2.413773832E+14	2.987793064E+16	3.707923172E+16	7.023768405E+16	1.189670000E+16	324.5861537229	9.678800000E-01
0.491	417.73	173.58	1.345470000E+19	1.163536279E+19	6.537280700E-02	5.431429979E+11	3.962919928E+12	2.432406142E+14	3.002604727E+16	3.702142785E+16	6.992689656E+16	1.197290000E+16	323.5779444954	9.626400000E-01
0.492	416.83	173.28	1.343130000E+19	1.161905655E+19	6.572599600E-02	5.454160837E+11	3.978549781E+12	2.451223576E+14	3.017389592E+16	3.696289819E+16	6.961676648E+16	1.204950000E+16	322.5696139776	9.574200000E-01
0.493	415.94	172.98	1.340790000E+19	1.160271953E+19	6.608132900E-02	5.477036093E+11	3.994297006E+12	2.470228280E+14	3.032146303E+16	3.690364358E+16	6.930730246E+16	1.212640000E+16	321.5611692852	9.522200000E-01
0.494	415.04	172.68	1.338440000E+19	1.158635163E+19	6.643882300E-02	5.500056986E+11	4.010162821E+12	2.489422430E+14	3.046873508E+16	3.684366492E+16	6.899851301E+16	1.220380000E+16	320.5526181168	9.470500000E-01
0.495	414.15	172.38	1.336080000E+19	1.156995272E+19	6.679849600E-02	5.523224768E+11	4.026148459E+12	2.508808228E+14	3.061569850E+16	3.678296318E+16	6.869040655E+16	1.228160000E+16	319.5439673682	9.419000000E-01
0.496	413.25	172.08	1.333730000E+19	1.155352267E+19	6.716036500E-02	5.546540702E+11	4.042255173E+12	2.528387905E+14	3.076233976E+16	3.672153941E+16	6.838299140E+16	1.235980000E+16	318.5352239668	9.367800000E-01
0.497	412.35	171.78	1.331370000E+19	1.153706138E+19	6.752444900E-02	5.570006069E+11	4.058484231E+12	2.548163722E+14	3.090864533E+16	3.665939471E+16	6.807627576E+16	1.243850000E+16	317.5263956974	9.316800000E-01
0.498	411.45	171.48	1.329000000E+19	1.152056872E+19	6.789076500E-02	5.593622161E+11	4.074836918E+12	2.568137968E+14	3.105460169E+16	3.659653027E+16	6.777026772E+16	1.251750000E+16	316.5174895460	9.266000000E-01
0.499	410.55	171.18	1.326630000E+19	1.150404456E+19	6.825933300E-02	5.617390286E+11	4.091314537E+12	2.588312964E+14	3.120019533E+16	3.653294733E+16	6.746497527E+16	1.259690000E+16	315.5085125305	9.215500000E-01
0.500	409.65	170.88	1.324260000E+19	1.148748878E+19	6.863016900E-02	5.641311765E+11	4.107918410E+12	2.608691057E+14	3.134541277E+16	3.646864720E+16	6.716040627E+16	1.267680000E+16	314.4994719738	9.165200000E-01
0.501	408.74	170.58	1.321890000E+19	1.147090126E+19	6.900329400E-02	5.665387933E+11	4.124649875E+12	2.629274628E+14	3.149024054E+16	3.640363127E+16	6.685656851E+16	1.275700000E+16	313.4903752284	9.115200000E-01
0.502	407.84	170.27	1.319510000E+19	1.145428186E+19	6.937872700E-02	5.689620142E+11	4.141510291E+12	2.650066088E+14	3.163466521E+16	3.633790100E+16	6.655346961E+16	1.283770000E+16	312.4812291308	9.065400000E-01
0.503	406.93	169.97	1.317120000E+19	1.143763045E+19	6.975648500E-02	5.714009758E+11	4.158501036E+12	2.671067878E+14	3.177867336E+16	3.627145789E+16	6.625111711E+16	1.291880000E+16	311.4720408232	9.015800000E-01
0.504	406.03	169.67	1.314740000E+19	1.142094691E+19	7.013658900E-02	5.738558161E+11	4.175623504E+12	2.692282474E+14	3.192225162E+16	3.620430353E+16	6.594951845E+16	1.300030000E+16	310.4628177510	8.966500000E-01
0.505	405.12	169.36	1.312350000E+19	1.140423110E+19	7.051905800E-02	5.763266747E+11	4.192879112E+12	2.713712381E+14	3.206538663E+16	3.613643959E+16	6.564868091E+16	1.308220000E+16	309.4535668464	8.917400000E-01
0.506	404.21	169.06	1.309950000E+19	1.138748290E+19	7.090391200E-02	5.788136929E+11	4.210269295E+12	2.735360138E+14	3.220806508E+16	3.606786777E+16	6.534861170E+16	1.316450000E+16	308.4442956167	8.868500000E-01
0.507	403.30	168.75	1.307550000E+19	1.137070216E+19	7.129117100E-02	5.813170134E+11	4.227795510E+12	2.757228316E+14	3.235027372E+16	3.599858988E+16	6.504931788E+16	1.324720000E+16	307.4350107874	8.819900000E-01
0.508	402.39	168.45	1.305150000E+19	1.135388875E+19	7.168085400E-02	5.838367804E+11	4.245459232E+12	2.779319523E+14	3.249199931E+16	3.592860776E+16	6.475080642E+16	1.333040000E+16	306.4257196592	8.771500000E-01
0.509	401.48	168.14	1.302740000E+19	1.133704254E+19	7.207298300E-02	5.863731401E+11	4.263261961E+12	2.801636396E+14	3.263322868E+16	3.585792334E+16	6.445308414E+16	1.341390000E+16	305.4164295640	8.723400000E-01
0.510	400.57	167.84	1.300330000E+19	1.132016338E+19	7.246757800E-02	5.889262399E+11	4.281205214E+12	2.824181610E+14	3.277394871E+16	3.578653862E+16	6.415615777E+16	1.349790000E+16	304.4071473273	8.675500000E-01
0.511	399.66	167.53	1.297920000E+19	1.130325114E+19	7.286465900E-02	5.914962292E+11	4.299290533E+12	2.846957875E+14	3.291414631E+16	3.571445564E+16	6.386003391E+16	1.358220000E+16	303.3978803465	8.627800000E-01
0.512	398.74	167.23	1.295500000E+19	1.128630568E+19	7.326424800E-02	5.940832590E+11	4.317519481E+12	2.869967935E+14	3.305380848E+16	3.564167654E+16	6.356471905E+16	1.366700000E+16	302.3886357825	8.580300000E-01
0.513	397.83	166.92	1.293080000E+19	1.126932686E+19	7.366636500E-02	5.966874818E+11	4.335893644E+12	2.893214569E+14	3.319292226E+16	3.556820351E+16	6.327021953E+16	1.375220000E+16	301.3794208292	8.533100000E-01
0.514	396.91	166.61	1.290650000E+19	1.125231453E+19	7.407103300E-02	5.993090521E+11	4.354414631E+12	2.916700596E+14	3.333147476E+16	3.549403880E+16	6.297654161E+16	1.383780000E+16	300.3702424471	8.486100000E-01
0.515	396.00	166.30	1.288220000E+19	1.123526855E+19	7.447827300E-02	6.019481261E+11	4.373084074E+12	2.940428868E+14	3.346945314E+16	3.541918474E+16	6.268369139E+16	1.392380000E+16	299.3611078979	8.439400000E-01
0.516	395.08	166.00	1.285790000E+19	1.121818878E+19	7.488810700E-02	6.046048618E+11	4.391903630E+12	2.964402278E+14	3.360684466E+16	3.534364371E+16	6.239167489E+16	1.401020000E+16	298.3520244767	8.392800000E-01
0.517	394.16	165.69	1.283350000E+19	1.120107507E+19	7.530055600E-02	6.072794187E+11	4.410874978E+12	2.988623753E+14	3.374363662E+16	3.526741818E+16	6.210049797E+16	1.409710000E+16	297.3429992462	8.346600000E-01
0.518	393.24	165.38	1.280910000E+19	1.118392727E+19	7.571564400E-02	6.099719586E+11	4.429999826E+12	3.013096262E+14	3.387981641E+16	3.519051066E+16	6.181016639E+16	1.418430000E+16	296.3340393041	8.300500000E-01
0.519	392.32	165.07	1.278460000E+19	1.116674524E+19	7.613339300E-02	6.126826449E+11	4.449279903E+12	3.037822812E+14	3.401537150E+16	3.511292375E+16	6.152068577E+16	1.427190000E+16	295.3251520477	8.254600000E-01
0.520	391.40	164.76	1.276010000E+19	1.114952882E+19	7.655382600E-02	6.154116429E+11	4.468716968E+12	3.062806447E+14	3.415028944E+16	3.503466009E+16	6.123206163E+16	1.436000000E+16	294.3163443793	8.209000000E-01
0.521	390.48	164.45	1.273560000E+19	1.113227788E+19	7.697696600E-02	6.181591198E+11	4.488312802E+12	3.088050255E+14	3.428455786E+16	3.495572241E+16	6.094429935E+16	1.444840000E+16	293.3076240289	8.163700000E-01
0.522	389.55	164.14	1.271100000E+19	1.111499225E+19	7.740283600E-02	6.209252448E+11	4.508069216E+12	3.113557361E+14	3.441816448E+16	3.487611347E+16	6.065740419E+16	1.453730000E+16	292.2989977052	8.118500000E-01
0.523	388.63	163.83	1.268640000E+19	1.109767178E+19	7.783146000E-02	6.237101890E+11	4.527988047E+12	3.139330935E+14	3.455109711E+16	3.479583614E+16	6.037138128E+16	1.462660000E+16	291.2904726811	8.073600000E-01
0.524	387.70	163.52	1.266170000E+19	1.108031633E+19	7.826286200E-02	6.265141256E+11	4.548071161E+12	3.165374184E+14	3.468334364E+16	3.471489333E+16	6.008623563E+16	1.471620000E+16	290.2820565263	8.028900000E-01
0.525	386.78	163.20	1.263700000E+19	1.106292573E+19	7.869706600E-02	6.293372297E+11	4.568320452E+12	3.191690361E+14	3.481489207E+16	3.463328799E+16	5.980197213E+16	1.480630000E+16	289.2737560590	7.984400000E-01
0.526	385.85	162.89	1.261230000E+19	1.104549984E+19	7.913409600E-02	6.321796785E+11	4.588737842E+12	3.218282760E+14	3.494573049E+16	3.455102319E+16	5.951859554E+16	1.489680000E+16	288.2655789191	7.940100000E-01
0.527	384.92	162.58	1.258750000E+19	1.102803850E+19	7.957397700E-02	6.350416512E+11	4.609325285E+12	3.245154720E+14	3.507584711E+16	3.446810201E+16	5.923611050E+16	1.498770000E+16	287.2575322586	7.896100000E-01
0.528	383.99	162.27	1.256270000E+19	1.101054155E+19	8.001673400E-02	6.379233293E+11	4.630084763E+12	3.272309622E+14	3.520523021E+16	3.438452763E+16	5.895452152E+16	1.507900000E+16	286.2496232661	7.852300000E-01
0.529	383.06	161.95	1.253780000E+19	1.099300884E+19	8.046239300E-02	6.408248962E+11	4.651018290E+12	3.299750892E+14	3.533386820E+16	3.430030327E+16	5.867383299E+16	1.517060000E+16	285.2418594266	7.808700000E-01
0.530	382.13	161.64	1.251290000E+19	1.097544021E+19	8.091097800E-02	6.437465376E+11	4.672127911E+12	3.327482002E+14	3.546174958E+16	3.421543222E+16	5.839404916E+16	1.526270000E+16	284.2342480009	7.765400000E-01
0.531	381.20	161.32	1.248790000E+19	1.095783549E+19	8.136251500E-02	6.466884415E+11	4.693415705E+12	3.355506470E+14	3.558886299E+16	3.412991784E+16	5.811517417E+16	1.535520000E+16	283.2267960279	7.722200000E-01
0.532	380.27	161.01	1.246290000E+19	1.094019454E+19	8.181703100E-02	6.496507979E+11	4.714883781E+12	3.383827860E+14	3.571519715E+16	3.404376354E+16	5.783721204E+16	1.544810000E+16	282.2195113594	7.679300000E-01
0.533	379.34	160.69	1.243790000E+19	1.092251718E+19	8.227455200E-02	6.526337992E+11	4.736534284E+12	3.412449782E+14	3.584074092E+16	3.395697280E+16	5.756016663E+16	1.554140000E+16	281.2124008497	7.636600000E-01
0.534	378.40	160.38	1.241280000E+19	1.090480326E+19	8.273510400E-02	6.556376401E+11	4.758369392E+12	3.441375895E+14	3.596548325E+16	3.386954916E+16	5.728404172E+16	1.563510000E+16	280.2054721647	7.594100000E-01
0.535	377.47	160.06	1.238770000E+19	1.088705262E+19	8.319871500E-02	6.586625177E+11	4.780391318E+12	3.470609905E+14	3.608941325E+16	3.378149622E+16	5.700884093E+16	1.572910000E+16	279.1987327487	7.551900000E-01
0.536	376.54	159.75	1.236250000E+19	1.086926510E+19	8.366541100E-02	6.617086311E+11	4.802602313E+12	3.500155568E+14	3.621252012E+16	3.369281763E+16	5.673456777E+16	1.582360000E+16	278.1921900823	7.509800000E-01
0.537	375.60	159.43	1.233730000E+19	1.085144052E+19	8.413522000E-02	6.647761824E+11	4.825004661E+12	3.530016689E+14	3.633479319E+16	3.360351713E+16	5.646122562E+16	1.591850000E+16	277.1858511718	7.468000000E-01
0.538	374.66	159.11	1.231200000E+19	1.083357874E+19	8.460817100E-02	6.678653755E+11	4.847600687E+12	3.560197125E+14	3.645622193E+16	3.351359848E+16	5.618881774E+16	1.601370000E+16	276.1797240837	7.426400000E-01
0.539	373.72	158.80	1.228670000E+19	1.081567958E+19	8.508429000E-02	6.709764173E+11	4.870392752E+12	3.590700780E+14	3.657679593E+16	3.342306554E+16	5.591734725E+16	1.610940000E+16	275.1738158995	7.385000000E-01
0.540	372.79	158.48	1.226140000E+19	1.079774288E+19	8.556360800E-02	6.741095169E+11	4.893383256E+12	3.621531614E+14	3.669650490E+16	3.333192220E+16	5.564681717E+16	1.620540000E+16	274.1681342486	7.343800000E-01
0.541	371.85	158.16	1.223600000E+19	1.077976847E+19	8.604615100E-02	6.772648859E+11	4.916574641E+12	3.652693635E+14	3.681533870E+16	3.324017241E+16	5.537723037E+16	1.630180000E+16	273.1626865437	7.302900000E-01
0.542	370.91	157.84	1.221060000E+19	1.076175619E+19	8.653195100E-02	6.804427388E+11	4.939969389E+12	3.684190909E+14	3.693328732E+16	3.314782021E+16	5.510858960E+16	1.639860000E+16	272.1574804886	7.262100000E-01
0.543	369.97	157.52	1.218510000E+19	1.074370588E+19	8.702103500E-02	6.836432924E+11	4.963570022E+12	3.716027549E+14	3.705034088E+16	3.305486965E+16	5.484089750E+16	1.649580000E+16	271.1525238234	7.221600000E-01
0.544	369.02	157.21	1.215960000E+19	1.072561736E+19	8.751343400E-02	6.868667664E+11	4.987379108E+12	3.748207729E+14	3.716648965E+16	3.296132489E+16	5.457415657E+16	1.659340000E+16	270.1478238207	7.181300000E-01
0.545	368.08	156.89	1.213400000E+19	1.070749047E+19	8.800917800E-02	6.901133829E+11	5.011399257E+12	3.780735675E+14	3.728172401E+16	3.286719010E+16	5.430836919E+16	1.669140000E+16	269.1433882962	7.141200000E-01
0.546	367.14	156.57	1.210840000E+19	1.068932504E+19	8.850829800E-02	6.933833671E+11	5.035633125E+12	3.813615666E+14	3.739603452E+16	3.277246953E+16	5.404353762E+16	1.678970000E+16	268.1392248508	7.101300000E-01
0.547	366.19	156.25	1.208280000E+19	1.067112091E+19	8.901082300E-02	6.966769466E+11	5.060083413E+12	3.846852044E+14	3.750941186E+16	3.267716750E+16	5.377966399E+16	1.688850000E+16	267.1353413739	7.061600000E-01
0.548	365.25	155.93	1.205710000E+19	1.065287790E+19	8.951678600E-02	6.999943522E+11	5.084752871E+12	3.880449201E+14	3.762184685E+16	3.258128835E+16	5.351675031E+16	1.698760000E+16	266.1317452912	7.022200000E-01
0.549	364.30	155.61	1.203130000E+19	1.063459585E+19	9.002621900E-02	7.033358173E+11	5.109644294E+12	3.914411593E+14	3.773333048E+16	3.248483651E+16	5.325479847E+16	1.708710000E+16	265.1284445674	6.982900000E-01
0.550	363.36	155.28	1.200560000E+19	1.061627459E+19	9.053915200E-02	7.067015783E+11	5.134760530E+12	3.948743732E+14	3.784385385E+16	3.238781644E+16	5.299381022E+16	1.718690000E+16	264.1254469541	6.943900000E-01
0.551	362.41	154.96	1.197970000E+19	1.059791395E+19	9.105561800E-02	7.100918746E+11	5.160104477E+12	3.983450188E+14	3.795340824E+16	3.229023269E+16	5.273378721E+16	1.728710000E+16	263.1227602410	6.905000000E-01
0.552	361.46	154.64	1.195390000E+19	1.057951376E+19	9.157565000E-02	7.135069484E+11	5.185679083E+12	4.018535594E+14	3.806198506E+16	3.219208981E+16	5.247473096E+16	1.738770000E+16	262.1203922554	6.866400000E-01
0.553	360.51	154.32	1.192790000E+19	1.056107385E+19	9.209928000E-02	7.169470452E+11	5.211487352E+12	4.054004642E+14	3.816957589E+16	3.209339246E+16	5.221664286E+16	1.748870000E+16	261.1183508629	6.828000000E-01
0.554	359.56	154.00	1.190200000E+19	1.054259405E+19	9.262654300E-02	7.204124134E+11	5.237532343E+12	4.089862088E+14	3.827617243E+16	3.199414531E+16	5.195952419E+16	1.759010000E+16	260.1166439664	6.789800000E-01
0.555	358.61	153.67	1.187600000E+19	1.052407419E+19	9.315747200E-02	7.239033047E+11	5.263817168E+12	4.126112748E+14	3.838176656E+16	3.189435311E+16	5.170337610E+16	1.769180000E+16	259.1152795070	6.751700000E-01
0.556	357.66	153.35	1.184990000E+19	1.050551411E+19	9.369210100E-02	7.274199738E+11	5.290345001E+12	4.162761502E+14	3.848635029E+16	3.179402065E+16	5.144819962E+16	1.779380000E+16	258.1142657088	6.713900000E-01
0.557	356.71	153.03	1.182380000E+19	1.048691363E+19	9.423046500E-02	7.309626788E+11	5.317119073E+12	4.199813296E+14	3.858991581E+16	3.169315278E+16	5.119399567E+16	1.789630000E+16	257.1136103412	6.676300000E-01
0.558	355.76	152.70	1.179770000E+19	1.046827258E+19	9.477259900E-02	7.345316810E+11	5.344142677E+12	4.237273139E+14	3.869245545E+16	3.159175440E+16	5.094076504E+16	1.799910000E+16	256.1133214578	6.638900000E-01
0.559	354.81	152.38	1.177150000E+19	1.044959079E+19	9.531853800E-02	7.381272451E+11	5.371419166E+12	4.275146106E+14	3.879396168E+16	3.148983045E+16	5.068850840E+16	1.810220000E+16	255.1134071498	6.601700000E-01
0.560	353.85	152.05	1.174520000E+19	1.043086810E+19	9.586831800E-02	7.417496390E+11	5.398951962E+12	4.313437338E+14	3.889442715E+16	3.138738593E+16	5.043722631E+16	1.820570000E+16	254.1138757894	6.564800000E-01
0.561	352.90	151.73	1.171890000E+19	1.041210433E+19	9.642197600E-02	7.453991342E+11	5.426744551E+12	4.352152046E+14	3.899384464E+16	3.128442590E+16	5.018691920E+16	1.830960000E+16	253.1147352978	6.528000000E-01
0.562	351.95	151.40	1.169260000E+19	1.039329931E+19	9.697954700E-02	7.490760058E+11	5.454800485E+12	4.391295506E+14	3.909220712E+16	3.118095544E+16	4.993758740E+16	1.841380000E+16	252.1159938782	6.491400000E-01
0.563	350.99	151.08	1.166620000E+19	1.037445288E+19	9.754106900E-02	7.527805322E+11	5.483123390E+12	4.430873066E+14	3.918950769E+16	3.107697972E+16	4.968923111E+16	1.851840000E+16	251.1176600129	6.455000000E-01
0.564	350.03	150.75	1.163980000E+19	1.035556487E+19	9.810658000E-02	7.565129957E+11	5.511716962E+12	4.470890141E+14	3.928573961E+16	3.097250391E+16	4.944185041E+16	1.862330000E+16	250.1197419779	6.418800000E-01
0.565	349.08	150.43	1.161330000E+19	1.033663510E+19	9.867611800E-02	7.602736818E+11	5.540584972E+12	4.511352218E+14	3.938089629E+16	3.086753328E+16	4.919544528E+16	1.872850000E+16	249.1222478452	6.382800000E-01
0.566	348.12	150.10	1.158680000E+19	1.031766341E+19	9.924972100E-02	7.640628803E+11	5.569731268E+12	4.552264857E+14	3.947497133E+16	3.076207311E+16	4.895001557E+16	1.883410000E+16	248.1251862067	6.347000000E-01
0.567	347.16	149.77	1.156020000E+19	1.029864963E+19	9.982742900E-02	7.678808844E+11	5.599159775E+12	4.593633689E+14	3.956795844E+16	3.065612873E+16	4.870556101E+16	1.894010000E+16	247.1285654494	6.311400000E-01
0.568	346.20	149.45	1.153360000E+19	1.027959359E+19	1.004092790E-01	7.717279912E+11	5.628874502E+12	4.635464419E+14	3.965985151E+16	3.054970554E+16	4.846208125E+16	1.904640000E+16	246.1323939969	6.276000000E-01
0.569	345.24	149.12	1.150700000E+19	1.026049513E+19	1.009953130E-01	7.756045018E+11	5.658879540E+12	4.677762825E+14	3.975064460E+16	3.044280896E+16	4.821957578E+16	1.915300000E+16	245.1366805486	6.240800000E-01
0.570	344.28	148.79	1.148030000E+19	1.024135407E+19	1.015855710E-01	7.795107211E+11	5.689179068E+12	4.720534761E+14	3.984033190E+16	3.033544447E+16	4.797804402E+16	1.925990000E+16	244.1414333615	6.205800000E-01
0.571	343.32	148.46	1.145350000E+19	1.022217025E+19	1.021800930E-01	7.834469583E+11	5.719777353E+12	4.763786157E+14	3.992890776E+16	3.022761760E+16	4.773748525E+16	1.936720000E+16	243.1466612071	6.171000000E-01
0.572	342.36	148.13	1.142670000E+19	1.020294351E+19	1.027789220E-01	7.874135264E+11	5.750678755E+12	4.807523021E+14	4.001636670E+16	3.011933389E+16	4.749789865E+16	1.947480000E+16	242.1523728913	6.136400000E-01
0.573	341.40	147.80	1.139990000E+19	1.018367367E+19	1.033820980E-01	7.914107427E+11	5.781887729E+12	4.851751436E+14	4.010270338E+16	3.001059897E+16	4.725928329E+16	1.958280000E+16	241.1585767808	6.102000000E-01
0.574	340.44	147.48	1.137300000E+19	1.016436057E+19	1.039896640E-01	7.954389287E+11	5.813408828E+12	4.896477567E+14	4.018791261E+16	2.990141848E+16	4.702163812E+16	1.969100000E+16	240.1652817529	6.067700000E-01
0.575	339.47	147.15	1.134600000E+19	1.014500405E+19	1.046016640E-01	7.994984103E+11	5.845246708E+12	4.941707655E+14	4.027198937E+16	2.979179812E+16	4.678496200E+16	1.979960000E+16	239.1724967194	6.033700000E-01
0.576	338.51	146.82	1.131900000E+19	1.012560395E+19	1.052181400E-01	8.035895176E+11	5.877406128E+12	4.987448025E+14	4.035492879E+16	2.968174362E+16	4.654925366E+16	1.990850000E+16	238.1802306258	5.999900000E-01
0.577	337.55	146.49	1.129200000E+19	1.010616009E+19	1.058391360E-01	8.077125853E+11	5.909891958E+12	5.033705081E+14	4.043672613E+16	2.957126076E+16	4.631451175E+16	2.001770000E+16	237.1884919824	5.966200000E-01
0.578	336.58	146.16	1.126490000E+19	1.008667233E+19	1.064646980E-01	8.118679525E+11	5.942709180E+12	5.080485309E+14	4.051737681E+16	2.946035535E+16	4.608073479E+16	2.012720000E+16	236.1972902740	5.932700000E-01
0.579	335.62	145.83	1.123770000E+19	1.006714048E+19	1.070948690E-01	8.160559629E+11	5.975862890E+12	5.127795282E+14	4.059687642E+16	2.934903326E+16	4.584792119E+16	2.023710000E+16	235.2066338467	5.899500000E-01
0.580	334.65	145.49	1.121060000E+19	1.004756441E+19	1.077296960E-01	8.202769649E+11	6.009358309E+12	5.175641652E+14	4.067522068E+16	2.923730037E+16	4.561606929E+16	2.034720000E+16	234.2165324852	5.866400000E-01
0.581	333.68	145.16	1.118330000E+19	1.002794393E+19	1.083692240E-01	8.245313116E+11	6.043200778E+12	5.224031160E+14	4.075240545E+16	2.912516262E+16	4.538517729E+16	2.045770000E+16	233.2269946061	5.833500000E-01
0.582	332.72	144.83	1.115600000E+19	1.000827891E+19	1.090135010E-01	8.288193610E+11	6.077395772E+12	5.272970631E+14	4.082842674E+16	2.901262599E+16	4.515524331E+16	2.056840000E+16	232.2380300577	5.800700000E-01
0.583	331.75	144.50	1.112870000E+19	9.988569165E+18	1.096625740E-01	8.331414759E+11	6.111948898E+12	5.322466977E+14	4.090328072E+16	2.889969647E+16	4.492626535E+16	2.067940000E+16	231.2496474420	5.768200000E-01
0.584	330.78	144.17	1.110130000E+19	9.968814553E+18	1.103164910E-01	8.374980242E+11	6.146865901E+12	5.372527200E+14	4.097696369E+16	2.878638013E+16	4.469824131E+16	2.079080000E+16	230.2618563929	5.735900000E-01
0.585	329.81	143.84	1.107390000E+19	9.949014913E+18	1.109753000E-01	8.418893787E+11	6.182152673E+12	5.423158387E+14	4.104947209E+16	2.867268304E+16	4.447116902E+16	2.090240000E+16	229.2746661352	5.703700000E-01
0.586	328.84	143.50	1.104640000E+19	9.929170091E+18	1.116390500E-01	8.463159175E+11	6.217815255E+12	5.474367718E+14	4.112080250E+16	2.855861132E+16	4.424504617E+16	2.101430000E+16	228.2880860883	5.671700000E-01
0.587	327.87	143.17	1.101890000E+19	9.909279932E+18	1.123077920E-01	8.507780238E+11	6.253859843E+12	5.526162462E+14	4.119095164E+16	2.844417113E+16	4.401987038E+16	2.112650000E+16	227.3021256799	5.639900000E-01
0.588	326.90	142.84	1.099130000E+19	9.889344282E+18	1.129815750E-01	8.552760864E+11	6.290292794E+12	5.578549980E+14	4.125991638E+16	2.832936864E+16	4.379563915E+16	2.123900000E+16	226.3167943923	5.608300000E-01
0.589	325.93	142.50	1.096370000E+19	9.869362991E+18	1.136604500E-01	8.598104992E+11	6.327120636E+12	5.631537727E+14	4.132769371E+16	2.821421009E+16	4.357234991E+16	2.135180000E+16	225.3321018304	5.576900000E-01
0.590	324.96	142.17	1.093600000E+19	9.849335907E+18	1.143444700E-01	8.643816618E+11	6.364350068E+12	5.685133247E+14	4.139428075E+16	2.809870172E+16	4.334999998E+16	2.146480000E+16	224.3480575837	5.545700000E-01
0.591	323.99	141.83	1.090830000E+19	9.829262880E+18	1.150336870E-01	8.689899792E+11	6.401987973E+12	5.739344184E+14	4.145967476E+16	2.798284982E+16	4.312858658E+16	2.157810000E+16	223.3646713181	5.514600000E-01
0.592	323.02	141.50	1.088050000E+19	9.809143763E+18	1.157281530E-01	8.736358625E+11	6.440041422E+12	5.794178273E+14	4.152387312E+16	2.786666071E+16	4.290810684E+16	2.169170000E+16	222.3819527973	5.483700000E-01
0.593	322.04	141.17	1.085270000E+19	9.788978409E+18	1.164279220E-01	8.783197282E+11	6.478517682E+12	5.849643348E+14	4.158687336E+16	2.775014073E+16	4.268855780E+16	2.180560000E+16	221.3999118143	5.453000000E-01
0.594	321.07	140.83	1.082480000E+19	9.768766673E+18	1.171330490E-01	8.830419989E+11	6.517424225E+12	5.905747337E+14	4.164867311E+16	2.763329626E+16	4.246993643E+16	2.191970000E+16	220.4185582364	5.422500000E-01
0.595	320.10	140.50	1.079690000E+19	9.748508410E+18	1.178435890E-01	8.878031032E+11	6.556768736E+12	5.962498269E+14	4.170927012E+16	2.751613371E+16	4.225223956E+16	2.203410000E+16	219.4379019595	5.392100000E-01
0.596	319.12	140.16	1.076900000E+19	9.728203478E+18	1.185595980E-01	8.926034757E+11	6.596559123E+12	6.019904270E+14	4.176866230E+16	2.739865952E+16	4.203546399E+16	2.214870000E+16	218.4579529753	5.361900000E-01
0.597	318.15	139.82	1.074090000E+19	9.707851736E+18	1.192811310E-01	8.974435573E+11	6.636803522E+12	6.077973567E+14	4.182684763E+16	2.728088014E+16	4.181960638E+16	2.226360000E+16	217.4787213254	5.331900000E-01
0.598	317.17	139.49	1.071290000E+19	9.687453046E+18	1.200082470E-01	9.023237953E+11	6.677510312E+12	6.136714486E+14	4.188382424E+16	2.716280208E+16	4.160466334E+16	2.237870000E+16	216.5002171458	5.302100000E-01
0.599	316.20	139.15	1.068480000E+19	9.667007268E+18	1.207410040E-01	9.072446432E+11	6.718688123E+12	6.196135456E+14	4.193959036E+16	2.704443184E+16	4.139063137E+16	2.249410000E+16	215.5224505546	5.272500000E-01
0.600	315.22	138.82	1.065660000E+19	9.646514268E+18	1.214794590E-01	9.122065614E+11	6.760345848E+12	6.256245008E+14	4.199414434E+16	2.692577596E+16	4.117750691E+16	2.260970000E+16	214.5454318298	5.243000000E-01
0.601	314.24	138.48	1.062840000E+19	9.625973912E+18	1.222236740E-01	9.172100167E+11	6.802492650E+12	6.317051777E+14	4.204748462E+16	2.680684103E+16	4.096528630E+16	2.272550000E+16	213.5691712748	5.213700000E-01
0.602	313.27	138.14	1.060010000E+19	9.605386066E+18	1.229737070E-01	9.222554827E+11	6.845137980E+12	6.378564500E+14	4.209960978E+16	2.668763363E+16	4.075396579E+16	2.284160000E+16	212.5936792184	5.184600000E-01
0.603	312.29	137.80	1.057180000E+19	9.584750600E+18	1.237296200E-01	9.273434401E+11	6.888291584E+12	6.440792021E+14	4.215051846E+16	2.656816037E+16	4.054354156E+16	2.295790000E+16	211.6189661023	5.155600000E-01
0.604	311.31	137.47	1.054340000E+19	9.564067386E+18	1.244914760E-01	9.324743763E+11	6.931963521E+12	6.503743288E+14	4.220020945E+16	2.644842790E+16	4.033400973E+16	2.307440000E+16	210.6450424366	5.126800000E-01
0.605	310.33	137.13	1.051500000E+19	9.543336296E+18	1.252593360E-01	9.376487862E+11	6.976164173E+12	6.567427357E+14	4.224868161E+16	2.632844287E+16	4.012536630E+16	2.319120000E+16	209.6719187546	5.098200000E-01
0.606	309.36	136.79	1.048660000E+19	9.522557206E+18	1.260332650E-01	9.428671719E+11	7.020904260E+12	6.631853391E+14	4.229593390E+16	2.620821198E+16	3.991760723E+16	2.330820000E+16	208.6996057005	5.069700000E-01
0.607	308.38	136.45	1.045810000E+19	9.501729993E+18	1.268133260E-01	9.481300427E+11	7.066194858E+12	6.697030661E+14	4.234196538E+16	2.608774192E+16	3.971072839E+16	2.342540000E+16	207.7281139625	5.041500000E-01
0.608	307.40	136.11	1.042950000E+19	9.480854536E+18	1.275995860E-01	9.534379157E+11	7.112047412E+12	6.762968547E+14	4.238677520E+16	2.596703942E+16	3.950472556E+16	2.354280000E+16	206.7574542943	5.013300000E-01
0.609	306.42	135.78	1.040090000E+19	9.459930717E+18	1.283921090E-01	9.587913157E+11	7.158473752E+12	6.829676537E+14	4.243036259E+16	2.584611121E+16	3.929959448E+16	2.366040000E+16	205.7876375361	4.985400000E-01
0.610	305.44	135.44	1.037220000E+19	9.438958418E+18	1.291909650E-01	9.641907751E+11	7.205486113E+12	6.897164232E+14	4.247272688E+16	2.572496407E+16	3.909533079E+16	2.377820000E+16	204.8186745482	4.957600000E-01
0.611	304.46	135.10	1.034350000E+19	9.417937527E+18	1.299962190E-01	9.696368345E+11	7.253097155E+12	6.965441341E+14	4.251386748E+16	2.560360477E+16	3.889193008E+16	2.389620000E+16	203.8505763411	4.930000000E-01
0.612	303.48	134.76	1.031480000E+19	9.396867930E+18	1.308079420E-01	9.751300425E+11	7.301319975E+12	7.034517689E+14	4.255378386E+16	2.548204010E+16	3.868938784E+16	2.401440000E+16	202.8833539009	4.902500000E-01
0.613	302.50	134.42	1.028600000E+19	9.375749518E+18	1.316262020E-01	9.806709561E+11	7.350168136E+12	7.104403207E+14	4.259247560E+16	2.536027688E+16	3.848769954E+16	2.413290000E+16	201.9170183402	4.875300000E-01
0.614	301.52	134.08	1.025710000E+19	9.354582184E+18	1.324510720E-01	9.862601407E+11	7.399655684E+12	7.175107946E+14	4.262994233E+16	2.523832194E+16	3.828686053E+16	2.425140000E+16	200.9515808323	4.848100000E-01
0.615	300.53	133.74	1.022820000E+19	9.333365823E+18	1.332826210E-01	9.918981700E+11	7.449797169E+12	7.246642064E+14	4.266618377E+16	2.511618211E+16	3.808686614E+16	2.437020000E+16	199.9870526102	4.821200000E-01
0.616	299.55	133.40	1.019930000E+19	9.312100333E+18	1.341209240E-01	9.975856269E+11	7.500607672E+12	7.319015838E+14	4.270119968E+16	2.499386425E+16	3.788771161E+16	2.448920000E+16	199.0234449876	4.794400000E-01
0.617	298.57	133.06	1.017030000E+19	9.290785613E+18	1.349660540E-01	1.003323103E+12	7.552102828E+12	7.392239657E+14	4.273498993E+16	2.487137523E+16	3.768939214E+16	2.460830000E+16	198.0607693151	4.767800000E-01
0.618	297.59	132.72	1.014120000E+19	9.269421566E+18	1.358180860E-01	1.009111199E+12	7.604298851E+12	7.466324026E+14	4.276755441E+16	2.474872193E+16	3.749190283E+16	2.472760000E+16	197.0990370433	4.741300000E-01
0.619	296.60	132.37	1.011210000E+19	9.248008098E+18	1.366770950E-01	1.014950524E+12	7.657212562E+12	7.541279565E+14	4.279889310E+16	2.462591125E+16	3.729523877E+16	2.484710000E+16	196.1382597008	4.715000000E-01
0.620	295.62	132.03	1.008300000E+19	9.226545117E+18	1.375431580E-01	1.020841699E+12	7.710861420E+12	7.617117010E+14	4.282900603E+16	2.450295008E+16	3.709939497E+16	2.496670000E+16	195.1784488714	4.688800000E-01
0.621	294.64	131.69	1.005380000E+19	9.205032532E+18	1.384163530E-01	1.026785352E+12	7.765263546E+12	7.693847213E+14	4.285789326E+16	2.437984534E+16	3.690436636E+16	2.508650000E+16	194.2196161727	4.662800000E-01
0.622	293.65	131.35	1.002450000E+19	9.183470258E+18	1.392967590E-01	1.032782121E+12	7.820437759E+12	7.771481144E+14	4.288555495E+16	2.425660396E+16	3.671014786E+16	2.520640000E+16	193.2617733607	4.637000000E-01
0.623	292.67	131.01	9.995200000E+18	9.161858211E+18	1.401844560E-01	1.038832657E+12	7.876403608E+12	7.850029889E+14	4.291199127E+16	2.413323285E+16	3.651673432E+16	2.532650000E+16	192.3049322229	4.611300000E-01
0.624	291.69	130.67	9.965900000E+18	9.140196310E+18	1.410795250E-01	1.044937616E+12	7.933181405E+12	7.929504651E+14	4.293720245E+16	2.400973897E+16	3.632412051E+16	2.544670000E+16	191.3491046200	4.585800000E-01
0.625	290.70	130.32	9.936500000E+18	9.118484478E+18	1.419820490E-01	1.051097669E+12	7.990792265E+12	8.009916751E+14	4.296118876E+16	2.388612925E+16	3.613230120E+16	2.556710000E+16	190.3943025052	4.560400000E-01
0.626	289.72	129.98	9.907100000E+18	9.096722638E+18	1.428921100E-01	1.057313496E+12	8.049258136E+12	8.091277628E+14	4.298395051E+16	2.376241065E+16	3.594127108E+16	2.568760000E+16	189.4405378402	4.535200000E-01
0.627	288.73	129.64	9.877600000E+18	9.074910719E+18	1.438097940E-01	1.063585787E+12	8.108601848E+12	8.173598837E+14	4.300548805E+16	2.363859011E+16	3.575102480E+16	2.580830000E+16	188.4878227190	4.510100000E-01
0.628	287.75	129.29	9.848100000E+18	9.053048653E+18	1.447351870E-01	1.069915244E+12	8.168847149E+12	8.256892051E+14	4.302580177E+16	2.351467461E+16	3.556155697E+16	2.592900000E+16	187.5361693045	4.485200000E-01
0.629	286.76	128.95	9.818500000E+18	9.031136374E+18	1.456683750E-01	1.076302580E+12	8.230018747E+12	8.341169063E+14	4.304489208E+16	2.339067110E+16	3.537286215E+16	2.604990000E+16	186.5855898062	4.460500000E-01
0.630	285.77	128.61	9.788800000E+18	9.009173819E+18	1.466094470E-01	1.082748518E+12	8.292142363E+12	8.426441782E+14	4.306275943E+16	2.326658655E+16	3.518493487E+16	2.617090000E+16	185.6360965003	4.435900000E-01
0.631	284.79	128.26	9.759200000E+18	8.987160928E+18	1.475584930E-01	1.089253795E+12	8.355244770E+12	8.512722232E+14	4.307940429E+16	2.314242793E+16	3.499776960E+16	2.629210000E+16	184.6877017288	4.411400000E-01
0.632	283.80	127.92	9.729400000E+18	8.965097647E+18	1.485156020E-01	1.095819158E+12	8.419353848E+12	8.600022560E+14	4.309482716E+16	2.301820221E+16	3.481136079E+16	2.641330000E+16	183.7404179596	4.387100000E-01
0.633	282.81	127.58	9.699700000E+18	8.942983922E+18	1.494808680E-01	1.102445368E+12	8.484498638E+12	8.688355024E+14	4.310902855E+16	2.289391635E+16	3.462570286E+16	2.653470000E+16	182.7942576621	4.362900000E-01
0.634	281.83	127.23	9.669800000E+18	8.920819705E+18	1.504543840E-01	1.109133197E+12	8.550709389E+12	8.777732002E+14	4.312200900E+16	2.276957733E+16	3.444079017E+16	2.665610000E+16	181.8492334295	4.338900000E-01
0.635	280.84	126.89	9.640000000E+18	8.898604949E+18	1.514362450E-01	1.115883429E+12	8.618017626E+12	8.868165989E+14	4.313376905E+16	2.264519211E+16	3.425661708E+16	2.677760000E+16	180.9053578746	4.315100000E-01
0.636	279.85	126.54	9.610100000E+18	8.876339612E+18	1.524265460E-01	1.122696862E+12	8.686456199E+12	8.959669592E+14	4.314430929E+16	2.252076766E+16	3.407317789E+16	2.689930000E+16	179.9626437113	4.291400000E-01
0.637	278.87	126.20	9.580100000E+18	8.854023655E+18	1.534253860E-01	1.129574308E+12	8.756059355E+12	9.052255536E+14	4.315363027E+16	2.239631094E+16	3.389046689E+16	2.702100000E+16	179.0211037117	4.267800000E-01
0.638	277.88	125.85	9.550100000E+18	8.831657045E+18	1.544328630E-01	1.136516590E+12	8.826862797E+12	9.145936659E+14	4.316173259E+16	2.227182890E+16	3.370847833E+16	2.714280000E+16	178.0807507659	4.244400000E-01
0.639	276.89	125.51	9.520000000E+18	8.809239748E+18	1.554490780E-01	1.143524546E+12	8.898903756E+12	9.240725915E+14	4.316861683E+16	2.214732851E+16	3.352720645E+16	2.726470000E+16	177.1415977394	4.221100000E-01
0.640	275.90	125.16	9.489900000E+18	8.786771737E+18	1.564741330E-01	1.150599029E+12	8.972221060E+12	9.336636368E+14	4.317428359E+16	2.202281670E+16	3.334664546E+16	2.738670000E+16	176.2036576333	4.198000000E-01
0.641	274.92	124.82	9.459800000E+18	8.764252989E+18	1.575081320E-01	1.157740904E+12	9.046855213E+12	9.433681195E+14	4.317873346E+16	2.189830043E+16	3.316678954E+16	2.750870000E+16	175.2669435223	4.175000000E-01
0.642	273.93	124.47	9.429600000E+18	8.741683484E+18	1.585511790E-01	1.164951053E+12	9.122848467E+12	9.531873684E+14	4.318196704E+16	2.177378662E+16	3.298763288E+16	2.763080000E+16	174.3314685332	4.152200000E-01
0.643	272.94	124.13	9.399400000E+18	8.719063205E+18	1.596033810E-01	1.172230370E+12	9.200244910E+12	9.631227231E+14	4.318398492E+16	2.164928220E+16	3.280916961E+16	2.775290000E+16	173.3972458439	4.129500000E-01
0.644	271.95	123.78	9.369100000E+18	8.696392140E+18	1.606648450E-01	1.179579767E+12	9.279090545E+12	9.731755343E+14	4.318478768E+16	2.152479409E+16	3.263139387E+16	2.787520000E+16	172.4642887222	4.107000000E-01
0.645	270.96	123.43	9.338800000E+18	8.673670280E+18	1.617356830E-01	1.187000169E+12	9.359433384E+12	9.833471633E+14	4.318437589E+16	2.140032919E+16	3.245429980E+16	2.799740000E+16	171.5326104842	4.084600000E-01
0.646	269.98	123.09	9.308400000E+18	8.650897622E+18	1.628160040E-01	1.194492518E+12	9.441323537E+12	9.936389817E+14	4.318275013E+16	2.127589442E+16	3.227788151E+16	2.811970000E+16	170.6022245524	4.062300000E-01
0.647	268.99	122.74	9.278000000E+18	8.628074166E+18	1.639059230E-01	1.202057774E+12	9.524813311E+12	1.004052372E+15	4.317991096E+16	2.115149664E+16	3.210213309E+16	2.824210000E+16	169.6731443951	4.040200000E-01
0.648	268.00	122.39	9.247500000E+18	8.605199915E+18	1.650055530E-01	1.209696909E+12	9.609957311E+12	1.014588726E+15	4.317585891E+16	2.102714273E+16	3.192704865E+16	2.836450000E+16	168.7453835250	4.018200000E-01
0.649	267.01	122.05	9.217000000E+18	8.582274877E+18	1.661150120E-01	1.217410917E+12	9.696812541E+12	1.025249447E+15	4.317059451E+16	2.090283956E+16	3.175262229E+16	2.848690000E+16	167.8189555371	3.996300000E-01
0.650	266.02	121.70	9.186400000E+18	8.559299066E+18	1.672344170E-01	1.225200804E+12	9.785438518E+12	1.036035946E+15	4.316411828E+16	2.077859397E+16	3.157884809E+16	2.860930000E+16	166.8938741270	3.974600000E-01
0.651	265.03	121.35	9.155800000E+18	8.536272498E+18	1.683638880E-01	1.233067598E+12	9.875897387E+12	1.046949646E+15	4.315643071E+16	2.065441280E+16	3.140572015E+16	2.873180000E+16	165.9701530105	3.953000000E-01
0.652	264.04	121.01	9.125200000E+18	8.513195194E+18	1.695035480E-01	1.241012343E+12	9.968254035E+12	1.057991977E+15	4.314753226E+16	2.053030286E+16	3.123323255E+16	2.885430000E+16	165.0478059816	3.931600000E-01
0.653	263.05	120.66	9.094500000E+18	8.490067179E+18	1.706535200E-01	1.249036101E+12	1.006257622E+13	1.069164380E+15	4.313742339E+16	2.040627095E+16	3.106137940E+16	2.897680000E+16	164.1268468909	3.910300000E-01
0.654	262.07	120.31	9.063800000E+18	8.466888485E+18	1.718139300E-01	1.257139953E+12	1.015893468E+13	1.080468304E+15	4.312610452E+16	2.028232385E+16	3.089015480E+16	2.909930000E+16	163.2072897025	3.889100000E-01
0.655	261.08	119.96	9.033000000E+18	8.443659144E+18	1.729849050E-01	1.265325000E+12	1.025740332E+13	1.091905206E+15	4.311357605E+16	2.015846834E+16	3.071955285E+16	2.922180000E+16	162.2891483568	3.868100000E-01
0.656	260.09	119.62	9.002200000E+18	8.420379198E+18	1.741665750E-01	1.273592362E+12	1.035805928E+13	1.103476553E+15	4.309983836E+16	2.003471115E+16	3.054956769E+16	2.934430000E+16	161.3724369621	3.847200000E-01
0.657	259.10	119.27	8.971400000E+18	8.397048688E+18	1.753590710E-01	1.281943179E+12	1.046098314E+13	1.115183819E+15	4.308489180E+16	1.991105902E+16	3.038019344E+16	2.946690000E+16	160.4571695814	3.826400000E-01
0.658	258.11	118.92	8.940500000E+18	8.373667665E+18	1.765625260E-01	1.290378610E+12	1.056625902E+13	1.127028484E+15	4.306873669E+16	1.978751866E+16	3.021142425E+16	2.958940000E+16	159.5433604415	3.805800000E-01
0.659	257.12	118.57	8.909500000E+18	8.350236180E+18	1.777770770E-01	1.298899838E+12	1.067397479E+13	1.139012039E+15	4.305137331E+16	1.966409673E+16	3.004325430E+16	2.971190000E+16	158.6310237406	3.785300000E-01
0.660	256.13	118.22	8.878500000E+18	8.326754293E+18	1.790028610E-01	1.307508066E+12	1.078422219E+13	1.151135977E+15	4.303280193E+16	1.954079992E+16	2.987567776E+16	2.983430000E+16	157.7201738179	3.764900000E-01
0.661	255.14	117.87	8.847500000E+18	8.303222065E+18	1.802400190E-01	1.316204518E+12	1.089709701E+13	1.163401802E+15	4.301302277E+16	1.941763486E+16	2.970868886E+16	2.995680000E+16	156.8108249998	3.744700000E-01
0.662	254.15	117.53	8.816500000E+18	8.279639566E+18	1.814886910E-01	1.324990440E+12	1.101269929E+13	1.175811022E+15	4.299203603E+16	1.929460816E+16	2.954228181E+16	3.007920000E+16	155.9029917503	3.724600000E-01
0.663	253.16	117.18	8.785400000E+18	8.256006866E+18	1.827490230E-01	1.333867104E+12	1.113113345E+13	1.188365150E+15	4.296984187E+16	1.917172643E+16	2.937645088E+16	3.020160000E+16	154.9966884987	3.704600000E-01
0.664	252.17	116.83	8.754200000E+18	8.232324044E+18	1.840211610E-01	1.342835802E+12	1.125250853E+13	1.201065707E+15	4.294644043E+16	1.904899622E+16	2.921119037E+16	3.032390000E+16	154.0919298083	3.684700000E-01
0.665	251.19	116.48	8.723000000E+18	8.208591184E+18	1.853052530E-01	1.351897852E+12	1.137693837E+13	1.213914214E+15	4.292183180E+16	1.892642407E+16	2.904649459E+16	3.044620000E+16	153.1887302983	3.665000000E-01
0.666	250.20	116.13	8.691800000E+18	8.184808372E+18	1.866014530E-01	1.361054596E+12	1.150454179E+13	1.226912202E+15	4.289601603E+16	1.880401650E+16	2.888235789E+16	3.056850000E+16	152.2871045867	3.645400000E-01
0.667	249.21	115.78	8.660500000E+18	8.160975701E+18	1.879099120E-01	1.370307401E+12	1.163544284E+13	1.240061201E+15	4.286899316E+16	1.868178000E+16	2.871877466E+16	3.069070000E+16	151.3870673822	3.625900000E-01
0.668	248.22	115.43	8.629200000E+18	8.137093271E+18	1.892307880E-01	1.379657659E+12	1.176977097E+13	1.253362746E+15	4.284076318E+16	1.855972101E+16	2.855573934E+16	3.081290000E+16	150.4886334814	3.606600000E-01
0.669	247.23	115.08	8.597900000E+18	8.113161183E+18	1.905642390E-01	1.389106789E+12	1.190766130E+13	1.266818375E+15	4.281132605E+16	1.843784598E+16	2.839324639E+16	3.093500000E+16	149.5918176566	3.587400000E-01
0.670	246.24	114.73	8.566500000E+18	8.089179548E+18	1.919104270E-01	1.398656238E+12	1.204925483E+13	1.280429627E+15	4.278068168E+16	1.831616128E+16	2.823129033E+16	3.105700000E+16	148.6966348201	3.568300000E-01
0.671	245.25	114.38	8.535100000E+18	8.065148480E+18	1.932695150E-01	1.408307479E+12	1.219469869E+13	1.294198042E+15	4.274882997E+16	1.819467330E+16	2.806986570E+16	3.117890000E+16	147.8030998930	3.549300000E-01
0.672	244.26	114.03	8.503700000E+18	8.041068097E+18	1.946416690E-01	1.418062015E+12	1.234414637E+13	1.308125162E+15	4.271577076E+16	1.807338836E+16	2.790896713E+16	3.130080000E+16	146.9112278222	3.530500000E-01
0.673	243.28	113.68	8.472200000E+18	8.016938525E+18	1.960270600E-01	1.427921374E+12	1.249775800E+13	1.322212529E+15	4.268150387E+16	1.795231276E+16	2.774858927E+16	3.142260000E+16	146.0210336520	3.511700000E-01
0.674	242.29	113.33	8.440600000E+18	7.992759895E+18	1.974258600E-01	1.437887120E+12	1.265570062E+13	1.336461682E+15	4.264602910E+16	1.783145277E+16	2.758872682E+16	3.154440000E+16	145.1325324667	3.493100000E-01
0.675	241.30	112.98	8.409100000E+18	7.968532342E+18	1.988382420E-01	1.447960841E+12	1.281814842E+13	1.350874161E+15	4.260934618E+16	1.771081463E+16	2.742937455E+16	3.166600000E+16	144.2457393712	3.474600000E-01
0.676	240.31	112.63	8.377500000E+18	7.944256009E+18	2.002643850E-01	1.458144160E+12	1.298528307E+13	1.365451503E+15	4.257145483E+16	1.759040453E+16	2.727052729E+16	3.178750000E+16	143.3606695612	3.456300000E-01
0.677	239.32	112.28	8.345800000E+18	7.919931043E+18	2.017044700E-01	1.468438731E+12	1.315729398E+13	1.380195240E+15	4.253235474E+16	1.747022863E+16	2.711217991E+16	3.190900000E+16	142.4773382493	3.438000000E-01
0.678	238.34	111.93	8.314200000E+18	7.895557596E+18	2.031586810E-01	1.478846240E+12	1.333437861E+13	1.395106904E+15	4.249204556E+16	1.735029306E+16	2.695432736E+16	3.203030000E+16	141.5957606808	3.419900000E-01
0.679	237.35	111.58	8.282500000E+18	7.871135828E+18	2.046272030E-01	1.489368409E+12	1.351674281E+13	1.410188017E+15	4.245052691E+16	1.723060391E+16	2.679696465E+16	3.215160000E+16	140.7159521861	3.401900000E-01
0.680	236.36	111.23	8.250700000E+18	7.846665904E+18	2.061102280E-01	1.500006991E+12	1.370460107E+13	1.425440101E+15	4.240779839E+16	1.711116723E+16	2.664008686E+16	3.227270000E+16	139.8379281244	3.384000000E-01
0.681	235.37	110.88	8.219000000E+18	7.822147994E+18	2.076079480E-01	1.510763776E+12	1.389817693E+13	1.440864666E+15	4.236385955E+16	1.699198901E+16	2.648368912E+16	3.239370000E+16	138.9617038818	3.366200000E-01
0.682	234.39	110.53	8.187100000E+18	7.797582274E+18	2.091205590E-01	1.521640591E+12	1.409770329E+13	1.456463218E+15	4.231870993E+16	1.687307525E+16	2.632776667E+16	3.251460000E+16	138.0872948879	3.348600000E-01
0.683	233.40	110.18	8.155300000E+18	7.772968928E+18	2.106482610E-01	1.532639299E+12	1.430342273E+13	1.472237252E+15	4.227234904E+16	1.675443186E+16	2.617231479E+16	3.263540000E+16	137.2147166481	3.331100000E-01
0.684	232.41	109.83	8.123400000E+18	7.748308142E+18	2.121912580E-01	1.543761801E+12	1.451558792E+13	1.488188255E+15	4.222477636E+16	1.663606473E+16	2.601732884E+16	3.275600000E+16	136.3439846362	3.313600000E-01
0.685	231.43	109.48	8.091500000E+18	7.723600113E+18	2.137497550E-01	1.555010038E+12	1.473446197E+13	1.504317701E+15	4.217599136E+16	1.651797971E+16	2.586280428E+16	3.287650000E+16	135.4751144513	3.296300000E-01
0.686	230.44	109.13	8.059600000E+18	7.698845040E+18	2.153239630E-01	1.566385991E+12	1.496031878E+13	1.520627055E+15	4.212599348E+16	1.640018260E+16	2.570873664E+16	3.299690000E+16	134.6081216564	3.279100000E-01
0.687	229.46	108.78	8.027600000E+18	7.674043131E+18	2.169140960E-01	1.577891682E+12	1.519344349E+13	1.537117765E+15	4.207478212E+16	1.628267917E+16	2.555512152E+16	3.311710000E+16	133.7430219002	3.262100000E-01
0.688	228.47	108.43	7.995600000E+18	7.649194598E+18	2.185203700E-01	1.589529176E+12	1.543413284E+13	1.553791268E+15	4.202235670E+16	1.616547512E+16	2.540195462E+16	3.323720000E+16	132.8798308268	3.245100000E-01
0.689	227.48	108.07	7.963600000E+18	7.624299660E+18	2.201430060E-01	1.601300581E+12	1.568269558E+13	1.570648983E+15	4.196871659E+16	1.604857612E+16	2.524923173E+16	3.335710000E+16	132.0185641266	3.228200000E-01
0.690	226.50	107.72	7.931600000E+18	7.599358543E+18	2.217822310E-01	1.613208049E+12	1.593945293E+13	1.587692313E+15	4.191386116E+16	1.593198781E+16	2.509694872E+16	3.347690000E+16	131.1592375336	3.211500000E-01
0.691	225.51	107.37	7.899500000E+18	7.574371479E+18	2.234382710E-01	1.625253781E+12	1.620473897E+13	1.604922642E+15	4.185778977E+16	1.581571575E+16	2.494510155E+16	3.359650000E+16	130.3018668063	3.194900000E-01
0.692	224.53	107.02	7.867400000E+18	7.549338705E+18	2.251113610E-01	1.637440022E+12	1.647890110E+13	1.622341334E+15	4.180050177E+16	1.569976547E+16	2.479368629E+16	3.371600000E+16	129.4464677079	3.178300000E-01
0.693	223.55	106.67	7.835200000E+18	7.524260467E+18	2.268017360E-01	1.649769069E+12	1.676230049E+13	1.639949734E+15	4.174199648E+16	1.558414246E+16	2.464269908E+16	3.383520000E+16	128.5930560736	3.161900000E-01
0.694	222.56	106.32	7.803100000E+18	7.499137016E+18	2.285096390E-01	1.662243265E+12	1.705531256E+13	1.657749161E+15	4.168227324E+16	1.546885215E+16	2.449213620E+16	3.395440000E+16	127.7416477391	3.145600000E-01
0.695	221.58	105.97	7.770900000E+18	7.473968609E+18	2.302353140E-01	1.674865009E+12	1.735832744E+13	1.675740911E+15	4.162133139E+16	1.535389991E+16	2.434199398E+16	3.407330000E+16	126.8922585560	3.129400000E-01
0.696	220.59	105.62	7.738700000E+18	7.448755509E+18	2.319790100E-01	1.687636751E+12	1.767175043E+13	1.693926255E+15	4.155917023E+16	1.523929109E+16	2.419226888E+16	3.419200000E+16	126.0449043896	3.113300000E-01
0.697	219.61	105.26	7.706400000E+18	7.423497989E+18	2.337409830E-01	1.700560995E+12	1.799600256E+13	1.712306435E+15	4.149578910E+16	1.512503096E+16	2.404295748E+16	3.431060000E+16	125.1996011844	3.097400000E-01
0.698	218.63	104.91	7.674100000E+18	7.398196325E+18	2.355214900E-01	1.713640303E+12	1.833152103E+13	1.730882665E+15	4.143118734E+16	1.501112475E+16	2.389405642E+16	3.442900000E+16	124.3563648435	3.081500000E-01
0.699	217.65	104.56	7.641800000E+18	7.372850801E+18	2.373207950E-01	1.726877295E+12	1.867875977E+13	1.749656128E+15	4.136536427E+16	1.489757764E+16	2.374556249E+16	3.454720000E+16	123.5152113107	3.065700000E-01
0.700	216.66	104.21	7.609500000E+18	7.347461708E+18	2.391391650E-01	1.740274650E+12	1.903818991E+13	1.768627973E+15	4.129831925E+16	1.478439475E+16	2.359747257E+16	3.466520000E+16	122.6761565516	3.050100000E-01
0.701	215.68	103.86	7.577200000E+18	7.322029344E+18	2.409768740E-01	1.753835110E+12	1.941030040E+13	1.787799314E+15	4.123005164E+16	1.467158115E+16	2.344978365E+16	3.478300000E+16	121.8392165510	3.034500000E-01
0.702	214.70	103.51	7.544800000E+18	7.296554012E+18	2.428342000E-01	1.767561480E+12	1.979559847E+13	1.807171232E+15	4.116056080E+16	1.455914186E+16	2.330249284E+16	3.490060000E+16	121.0044072776	3.019100000E-01
0.703	213.72	103.16	7.512400000E+18	7.271036024E+18	2.447114240E-01	1.781456631E+12	2.019461024E+13	1.826744765E+15	4.108984615E+16	1.444708183E+16	2.315559737E+16	3.501800000E+16	120.1717447481	3.003700000E-01
0.704	212.74	102.80	7.480000000E+18	7.245475699E+18	2.466088350E-01	1.795523503E+12	2.060788123E+13	1.846520914E+15	4.101790708E+16	1.433540596E+16	2.300909456E+16	3.513510000E+16	119.3412449918	2.988500000E-01
0.705	211.76	102.45	7.447600000E+18	7.219873359E+18	2.485267260E-01	1.809765105E+12	2.103656237E+13	1.866500634E+15	4.094474304E+16	1.422411912E+16	2.286298188E+16	3.525210000E+16	118.5129239820	2.973300000E-01
0.706	210.78	102.10	7.415200000E+18	7.194229339E+18	2.504653960E-01	1.824184521E+12	2.148006756E+13	1.886684840E+15	4.087035351E+16	1.411322607E+16	2.271725690E+16	3.536880000E+16	117.6867977991	2.958300000E-01
0.707	209.80	101.75	7.382700000E+18	7.168543976E+18	2.524251500E-01	1.838784907E+12	2.193959099E+13	1.907074395E+15	4.079473796E+16	1.400273156E+16	2.257191731E+16	3.548530000E+16	116.8628824465	2.943400000E-01
0.708	208.82	101.40	7.350200000E+18	7.142817616E+18	2.544062950E-01	1.853569500E+12	2.241576174E+13	1.927670117E+15	4.071789595E+16	1.389264026E+16	2.242696092E+16	3.560160000E+16	116.0411939641	2.928500000E-01
0.709	207.84	101.05	7.317700000E+18	7.117050612E+18	2.564091490E-01	1.868541615E+12	2.290923125E+13	1.948472770E+15	4.063982705E+16	1.378295678E+16	2.228238568E+16	3.571760000E+16	115.2217483925	2.913800000E-01
0.710	206.86	100.70	7.285200000E+18	7.091243325E+18	2.584340330E-01	1.883704654E+12	2.342067394E+13	1.969483067E+15	4.056053086E+16	1.367368568E+16	2.213818965E+16	3.583340000E+16	114.4045617871	2.899200000E-01
0.711	205.89	100.34	7.252600000E+18	7.065396121E+18	2.604812740E-01	1.899062102E+12	2.395078782E+13	1.990701661E+15	4.048000704E+16	1.356483145E+16	2.199437101E+16	3.594900000E+16	113.5896501672	2.884600000E-01
0.712	204.91	99.99	7.220100000E+18	7.039509375E+18	2.625512060E-01	1.914617536E+12	2.450029510E+13	2.012129150E+15	4.039825531E+16	1.345639852E+16	2.185092808E+16	3.606430000E+16	112.7770295784	2.870200000E-01
0.713	203.93	99.64	7.187500000E+18	7.013583468E+18	2.646441680E-01	1.930374627E+12	2.506994285E+13	2.033766070E+15	4.031527542E+16	1.334839125E+16	2.170785929E+16	3.617940000E+16	111.9667160417	2.855800000E-01
0.714	202.96	99.29	7.154900000E+18	6.987618789E+18	2.667605080E-01	1.946337140E+12	2.566050359E+13	2.055612893E+15	4.023106718E+16	1.324081397E+16	2.156516321E+16	3.629420000E+16	111.1587255832	2.841600000E-01
0.715	201.98	98.94	7.122300000E+18	6.961615733E+18	2.689005780E-01	1.962508944E+12	2.627277596E+13	2.077670024E+15	4.014563048E+16	1.313367091E+16	2.142283853E+16	3.640880000E+16	110.3530742001	2.827500000E-01
0.716	201.00	98.59	7.089700000E+18	6.935574705E+18	2.710647380E-01	1.978894012E+12	2.690758532E+13	2.099937800E+15	4.005896525E+16	1.302696626E+16	2.128088409E+16	3.652310000E+16	109.5497779215	2.813400000E-01
0.717	200.03	98.24	7.057100000E+18	6.909496115E+18	2.732533550E-01	1.995496424E+12	2.756578443E+13	2.122416488E+15	3.997107150E+16	1.292070413E+16	2.113929883E+16	3.663720000E+16	108.7488527270	2.799500000E-01
0.718	199.06	97.88	7.024500000E+18	6.883380380E+18	2.754668030E-01	2.012320375E+12	2.824825409E+13	2.145106278E+15	3.988194930E+16	1.281488858E+16	2.099808183E+16	3.675100000E+16	107.9503145756	2.785600000E-01
0.719	198.08	97.53	6.991800000E+18	6.857227926E+18	2.777054620E-01	2.029370181E+12	2.895590373E+13	2.168007283E+15	3.979159880E+16	1.270952358E+16	2.085723231E+16	3.686450000E+16	107.1541794355	2.771800000E-01
0.720	197.11	97.18	6.959200000E+18	6.831039186E+18	2.799697210E-01	2.046650277E+12	2.968967213E+13	2.191119538E+15	3.970002024E+16	1.260461308E+16	2.071674961E+16	3.697770000E+16	106.3604632495	2.758200000E-01
0.721	196.14	96.83	6.926500000E+18	6.804814600E+18	2.822599770E-01	2.064165229E+12	3.045052800E+13	2.214442993E+15	3.960721394E+16	1.250016091E+16	2.057663321E+16	3.709070000E+16	105.5691819328	2.744600000E-01
0.722	195.16	96.48	6.893800000E+18	6.778554615E+18	2.845766330E-01	2.081919740E+12	3.123947066E+13	2.237977514E+15	3.951318028E+16	1.239617087E+16	2.043688271E+16	3.720340000E+16	104.7803513709	2.731100000E-01
0.723	194.19	96.13	6.861100000E+18	6.752259687E+18	2.869201010E-01	2.099918650E+12	3.205753066E+13	2.261722874E+15	3.941791977E+16	1.229264668E+16	2.029749784E+16	3.731580000E+16	103.9939874479	2.717700000E-01
0.724	193.22	95.78	6.828400000E+18	6.725930277E+18	2.892908010E-01	2.118166950E+12	3.290577043E+13	2.285678759E+15	3.932143298E+16	1.218959198E+16	2.015847848E+16	3.742790000E+16	103.2101059824	2.704400000E-01
0.725	192.25	95.43	6.795800000E+18	6.699566857E+18	2.916891620E-01	2.136669782E+12	3.378528487E+13	2.309844757E+15	3.922372061E+16	1.208701038E+16	2.001982462E+16	3.753970000E+16	102.4287228173	2.691200000E-01
0.726	191.28	95.07	6.763000000E+18	6.673169904E+18	2.941156220E-01	2.155432453E+12	3.469720203E+13	2.334220357E+15	3.912478344E+16	1.198490537E+16	1.988153639E+16	3.765130000E+16	101.6498537253	2.678100000E-01
0.727	190.31	94.72	6.730300000E+18	6.646739903E+18	2.965706260E-01	2.174460437E+12	3.564268370E+13	2.358804947E+15	3.902462237E+16	1.188328041E+16	1.974361405E+16	3.776250000E+16	100.8735144524	2.665100000E-01
0.728	189.34	94.37	6.697600000E+18	6.620277346E+18	2.990546310E-01	2.193759390E+12	3.662292600E+13	2.383597812E+15	3.892323840E+16	1.178213886E+16	1.960605797E+16	3.787350000E+16	100.0997207003	2.652100000E-01
0.729	188.37	94.02	6.664900000E+18	6.593782735E+18	3.015681010E-01	2.213335152E+12	3.763916002E+13	2.408598127E+15	3.882063265E+16	1.168148405E+16	1.946886868E+16	3.798410000E+16	99.3284881696	2.639300000E-01
0.730	187.41	93.67	6.632200000E+18	6.567256578E+18	3.041115130E-01	2.233193762E+12	3.869265235E+13	2.433804955E+15	3.871680636E+16	1.158131920E+16	1.933204683E+16	3.809440000E+16	98.5598324963	2.626500000E-01
0.731	186.44	93.32	6.599500000E+18	6.540699390E+18	3.066853520E-01	2.253341466E+12	3.978470573E+13	2.459217246E+15	3.861176089E+16	1.148164746E+16	1.919559317E+16	3.820450000E+16	97.7937692647	2.613900000E-01
0.732	185.47	92.97	6.566800000E+18	6.514111694E+18	3.092901150E-01	2.273784728E+12	4.091665952E+13	2.484833830E+15	3.850549774E+16	1.138247195E+16	1.905950862E+16	3.831420000E+16	97.0303140204	2.601300000E-01
0.733	184.51	92.62	6.534000000E+18	6.487494022E+18	3.119263140E-01	2.294530244E+12	4.208989035E+13	2.510653418E+15	3.839801851E+16	1.128379566E+16	1.892379418E+16	3.842360000E+16	96.2694822823	2.588800000E-01
0.734	183.54	92.27	6.501300000E+18	6.460846913E+18	3.145944720E-01	2.315584952E+12	4.330581256E+13	2.536674593E+15	3.828932497E+16	1.118562155E+16	1.878845100E+16	3.853260000E+16	95.5112895104	2.576400000E-01
0.735	182.58	91.92	6.468600000E+18	6.434170912E+18	3.172951270E-01	2.336956048E+12	4.456587875E+13	2.562895811E+15	3.817941901E+16	1.108795250E+16	1.865348036E+16	3.864140000E+16	94.7557510886	2.564100000E-01
0.736	181.62	91.57	6.435900000E+18	6.407466575E+18	3.200288360E-01	2.358650998E+12	4.587158027E+13	2.589315396E+15	3.806830266E+16	1.099079129E+16	1.851888365E+16	3.874980000E+16	94.0028823964	2.551800000E-01
0.737	180.65	91.22	6.403200000E+18	6.380734463E+18	3.227961750E-01	2.380677558E+12	4.722444769E+13	2.615931536E+15	3.795597811E+16	1.089414066E+16	1.838466237E+16	3.885790000E+16	93.2526987174	2.539700000E-01
0.738	179.69	90.87	6.370500000E+18	6.353975146E+18	3.255977480E-01	2.403043786E+12	4.862605122E+13	2.642742283E+15	3.784244768E+16	1.079800326E+16	1.825081815E+16	3.896570000E+16	92.5052152963	2.527600000E-01
0.739	178.73	90.52	6.337800000E+18	6.327189201E+18	3.284341880E-01	2.425758063E+12	5.007800119E+13	2.669745542E+15	3.772771387E+16	1.070238166E+16	1.811735274E+16	3.907310000E+16	91.7604473069	2.515600000E-01
0.740	177.77	90.17	6.305100000E+18	6.300377214E+18	3.313061680E-01	2.448829114E+12	5.158194835E+13	2.696939075E+15	3.761177933E+16	1.060727836E+16	1.798426800E+16	3.918020000E+16	91.0184098786	2.503700000E-01
0.741	176.81	89.82	6.272400000E+18	6.273539778E+18	3.342144150E-01	2.472266023E+12	5.313958433E+13	2.724320494E+15	3.749464685E+16	1.051269579E+16	1.785156590E+16	3.928700000E+16	90.2791180653	2.491900000E-01
0.742	175.85	89.47	6.239700000E+18	6.246677493E+18	3.371597240E-01	2.496078263E+12	5.475264192E+13	2.751887260E+15	3.737631942E+16	1.041863630E+16	1.771924854E+16	3.939340000E+16	89.5425868427	2.480200000E-01
0.743	174.89	89.12	6.207000000E+18	6.219790968E+18	3.401429860E-01	2.520275714E+12	5.642289537E+13	2.779636674E+15	3.725680017E+16	1.032510217E+16	1.758731809E+16	3.949950000E+16	88.8088311347	2.468500000E-01
0.744	173.94	88.77	6.174400000E+18	6.192880819E+18	3.431652200E-01	2.544868693E+12	5.815216068E+13	2.807565880E+15	3.713609242E+16	1.023209558E+16	1.745577688E+16	3.960520000E+16	88.0778657826	2.456900000E-01
0.745	172.98	88.42	6.141700000E+18	6.165947671E+18	3.462276210E-01	2.569867979E+12	5.994229581E+13	2.835671859E+15	3.701419966E+16	1.013961867E+16	1.732462729E+16	3.971060000E+16	87.3497055708	2.445500000E-01
0.746	172.03	88.07	6.109100000E+18	6.138992156E+18	3.493316350E-01	2.595284844E+12	6.179520089E+13	2.863951425E+15	3.689112556E+16	1.004767347E+16	1.719387185E+16	3.981560000E+16	86.6243651961	2.434000000E-01
0.747	171.07	87.72	6.076400000E+18	6.112014913E+18	3.524790460E-01	2.621131087E+12	6.371281836E+13	2.892401222E+15	3.676687398E+16	9.956261957E+15	1.706351315E+16	3.992030000E+16	85.9018592651	2.422700000E-01
0.748	170.12	87.37	6.043800000E+18	6.085016590E+18	3.556721210E-01	2.647419065E+12	6.569713305E+13	2.921017721E+15	3.664144896E+16	9.865386012E+15	1.693355391E+16	4.002460000E+16	85.1822023207	2.411500000E-01
0.749	169.16	87.02	6.011200000E+18	6.057997843E+18	3.589137980E-01	2.674161735E+12	6.775017231E+13	2.949797218E+15	3.651485472E+16	9.775047449E+15	1.680399694E+16	4.012860000E+16	84.4654088247	2.400300000E-01
0.750	168.21	86.68	5.978600000E+18	6.030959333E+18	3.622079530E-01	2.701372688E+12	6.987400595E+13	2.978735828E+15	3.638709571E+16	9.685248001E+15	1.667484511E+16	4.023220000E+16	83.7514931141	2.389200000E-01
0.751	167.26	86.33	5.946100000E+18	6.003901734E+18	3.655597790E-01	2.729066195E+12	7.207074627E+13	3.007829484E+15	3.625817653E+16	9.595989323E+15	1.654610143E+16	4.033540000E+16	83.0404695103	2.378200000E-01
0.752	166.31	85.98	5.913500000E+18	5.976825722E+18	3.689763120E-01	2.757257257E+12	7.434254791E+13	3.037073935E+15	3.612810201E+16	9.507272992E+15	1.641776895E+16	4.043830000E+16	82.3323521632	2.367300000E-01
0.753	165.36	85.63	5.881000000E+18	5.949731985E+18	3.724671620E-01	2.785961647E+12	7.669160780E+13	3.066464739E+15	3.599687718E+16	9.419100504E+15	1.628985083E+16	4.054070000E+16	81.6271551881	2.356400000E-01
0.754	164.41	85.28	5.848500000E+18	5.922621217E+18	3.760455440E-01	2.815195967E+12	7.912016486E+13	3.095997266E+15	3.586450725E+16	9.331473280E+15	1.616235030E+16	4.064290000E+16	80.9248925800	2.345600000E-01
0.755	163.46	84.93	5.816000000E+18	5.895494120E+18	3.797297010E-01	2.844977706E+12	8.163049984E+13	3.125666689E+15	3.573099768E+16	9.244392658E+15	1.603527069E+16	4.074460000E+16	80.2255782391	2.334900000E-01
0.756	162.51	84.59	5.783500000E+18	5.868351403E+18	3.835448890E-01	2.875325301E+12	8.422493496E+13	3.155467987E+15	3.559635412E+16	9.157859901E+15	1.590861537E+16	4.084600000E+16	79.5292259546	2.324300000E-01
0.757	161.57	84.24	5.751100000E+18	5.841193785E+18	3.875261350E-01	2.906258201E+12	8.690583353E+13	3.185395938E+15	3.546058242E+16	9.071876187E+15	1.578238780E+16	4.094690000E+16	78.8358494434	2.313700000E-01
0.758	160.62	83.89	5.718700000E+18	5.814021990E+18	3.917220510E-01	2.937796939E+12	8.967559955E+13	3.215445120E+15	3.532368866E+16	8.986442621E+15	1.565659151E+16	4.104750000E+16	78.1454622796	2.303200000E-01
0.759	159.68	83.54	5.686300000E+18	5.786836751E+18	3.962001250E-01	2.969963207E+12	9.253667717E+13	3.245609908E+15	3.518567915E+16	8.901560224E+15	1.553123009E+16	4.114780000E+16	77.4580779468	2.292800000E-01
0.760	158.73	83.20	5.653900000E+18	5.759638809E+18	4.010540170E-01	3.002779940E+12	9.549155013E+13	3.275884470E+15	3.504656041E+16	8.817229938E+15	1.540630720E+16	4.124760000E+16	76.7737098221	2.282500000E-01
0.761	157.79	82.85	5.621500000E+18	5.732428912E+18	4.064136380E-01	3.036271399E+12	9.854274111E+13	3.306262766E+15	3.490633918E+16	8.733452626E+15	1.528182653E+16	4.134700000E+16	76.0923711601	2.272200000E-01
0.762	156.85	82.50	5.589200000E+18	5.705207816E+18	4.124590270E-01	3.070463267E+12	1.016928110E+14	3.336738549E+15	3.476502243E+16	8.650229072E+15	1.515779186E+16	4.144610000E+16	75.4140751047	2.262000000E-01
0.763	155.91	82.16	5.556900000E+18	5.677976285E+18	4.194394370E-01	3.105382748E+12	1.049443582E+14	3.367305360E+15	3.462261736E+16	8.567559977E+15	1.503420701E+16	4.154470000E+16	74.7388346861	2.251900000E-01
0.764	154.97	81.81	5.524700000E+18	5.650735089E+18	4.276995440E-01	3.141058677E+12	1.083000176E+14	3.397956526E+15	3.447913141E+16	8.485445966E+15	1.491107582E+16	4.164300000E+16	74.0666627927	2.241900000E-01
0.765	154.03	81.46	5.492400000E+18	5.623485008E+18	4.377153790E-01	3.177521631E+12	1.117624597E+14	3.428685165E+15	3.433457222E+16	8.403887581E+15	1.478840221E+16	4.174080000E+16	73.3975722213	2.231900000E-01
0.766	153.10	81.12	5.460200000E+18	5.596226827E+18	4.501435170E-01	3.214804053E+12	1.153343896E+14	3.459484176E+15	3.418894771E+16	8.322885285E+15	1.466619013E+16	4.183830000E+16	72.7315756094	2.222000000E-01
0.767	152.16	80.77	5.428100000E+18	5.568961341E+18	4.658882940E-01	3.252940384E+12	1.190185458E+14	3.490346245E+15	3.404226599E+16	8.242439462E+15	1.454444355E+16	4.193530000E+16	72.0686854985	2.212200000E-01
0.768	151.22	80.43	5.395900000E+18	5.541689350E+18	4.861935440E-01	3.291967205E+12	1.228176993E+14	3.521263844E+15	3.389453543E+16	8.162550415E+15	1.442316649E+16	4.203200000E+16	71.4089142666	2.202400000E-01
0.769	150.29	80.08	5.363800000E+18	5.514411664E+18	5.127675610E-01	3.331923385E+12	1.267346519E+14	3.552229227E+15	3.374576464E+16	8.083218366E+15	1.430236299E+16	4.212820000E+16	70.7522741910	2.192700000E-01
0.770	149.36	79.74	5.331800000E+18	5.487129098E+18	5.479531020E-01	3.372850242E+12	1.307722351E+14	3.583234431E+15	3.359596247E+16	8.004443459E+15	1.418203713E+16	4.222410000E+16	70.0987773817	2.183100000E-01
0.771	148.42	79.39	5.299700000E+18	5.459842476E+18	5.949582460E-01	3.414791713E+12	1.349333085E+14	3.614271282E+15	3.344513800E+16	7.926225757E+15	1.406219299E+16	4.231950000E+16	69.4484358309	2.173600000E-01
0.772	147.49	79.05	5.267800000E+18	5.432552629E+18	6.581694470E-01	3.457794541E+12	1.392207583E+14	3.645331385E+15	3.329330056E+16	7.848565245E+15	1.394283467E+16	4.241450000E+16	68.8012613847	2.164100000E-01
0.773	146.56	78.70	5.235800000E+18	5.405260395E+18	7.435753400E-01	3.501908466E+12	1.436374958E+14	3.676406136E+15	3.314045972E+16	7.771461826E+15	1.382396630E+16	4.250910000E+16	68.1572657420	2.154700000E-01
0.774	145.63	78.36	5.203900000E+18	5.377966621E+18	8.593396000E-01	3.547186437E+12	1.481864554E+14	3.707486714E+15	3.298662529E+16	7.694915325E+15	1.370559201E+16	4.260330000E+16	67.5164604768	2.145300000E-01
0.775	144.71	78.01	5.172000000E+18	5.350672157E+18	1.016574016E+00	3.593684829E+12	1.528705929E+14	3.738564088E+15	3.283180734E+16	7.618925487E+15	1.358771593E+16	4.269700000E+16	66.8788569610	2.136000000E-01
0.776	143.78	77.67	5.140200000E+18	5.323377865E+18	1.230380154E+00	3.641463683E+12	1.576928836E+14	3.769629016E+15	3.267601616E+16	7.543491978E+15	1.347034222E+16	4.279040000E+16	66.2444664761	2.126800000E-01
0.777	142.86	77.33	5.108400000E+18	5.296084612E+18	1.521250640E+00	3.690586955E+12	1.626563204E+14	3.800672048E+15	3.251926230E+16	7.468614386E+15	1.335347499E+16	4.288330000E+16	65.6133001223	2.117700000E-01
0.778	141.93	76.98	5.076700000E+18	5.268793271E+18	1.916951272E+00	3.741122786E+12	1.677639112E+14	3.831683528E+15	3.236155657E+16	7.394292217E+15	1.323711839E+16	4.297580000E+16	64.9853688302	2.108600000E-01
0.779	141.01	76.64	5.045000000E+18	5.241504724E+18	2.455044905E+00	3.793143784E+12	1.730186772E+14	3.862653598E+15	3.220290999E+16	7.320524903E+15	1.312127655E+16	4.306780000E+16	64.3606833957	2.099600000E-01
0.780	140.09	76.30	5.013400000E+18	5.214219859E+18	3.186270578E+00	3.846727330E+12	1.784236503E+14	3.893572198E+15	3.204333386E+16	7.247311793E+15	1.300595356E+16	4.315950000E+16	63.7392544411	2.090600000E-01
0.781	139.17	75.95	4.981800000E+18	5.186939572E+18	4.179060475E+00	3.901955891E+12	1.839818708E+14	3.924429073E+15	3.188283970E+16	7.174652161E+15	1.289115354E+16	4.325070000E+16	63.1210924375	2.081700000E-01
0.782	138.25	75.61	4.950300000E+18	5.159664764E+18	5.525568252E+00	3.958917372E+12	1.896963849E+14	3.955213773E+15	3.172143930E+16	7.102545202E+15	1.277688055E+16	4.334140000E+16	62.5062076669	2.072900000E-01
0.783	137.33	75.27	4.918800000E+18	5.132396345E+18	7.349701581E+00	4.017705467E+12	1.955702418E+14	3.985915661E+15	3.155914467E+16	7.030990032E+15	1.266313865E+16	4.343180000E+16	61.8946102685	2.064100000E-01
0.784	136.41	74.93	4.887300000E+18	5.105135230E+18	9.817808182E+00	4.078420049E+12	2.016064913E+14	4.016523913E+15	3.139596808E+16	6.959985693E+15	1.254993187E+16	4.352170000E+16	61.2863101891	2.055400000E-01
0.785	135.50	74.59	4.855900000E+18	5.077882342E+18	1.315286917E+01	4.141167572E+12	2.078081809E+14	4.047027529E+15	3.123192204E+16	6.889531146E+15	1.243726420E+16	4.361120000E+16	60.6813172168	2.046800000E-01
0.786	134.58	74.25	4.824600000E+18	5.050638609E+18	1.765332074E+01	4.206061501E+12	2.141783527E+14	4.077415331E+15	3.106701931E+16	6.819625278E+15	1.232513961E+16	4.370020000E+16	60.0796409441	2.038200000E-01
0.787	133.67	73.90	4.793300000E+18	5.023404968E+18	2.371797345E+01	4.273222768E+12	2.207200407E+14	4.107675975E+15	3.090127287E+16	6.750266899E+15	1.221356201E+16	4.378880000E+16	59.4812908134	2.029700000E-01
0.788	132.76	73.56	4.762100000E+18	4.996182361E+18	3.187895171E+01	4.342780253E+12	2.274362673E+14	4.137797952E+15	3.073469596E+16	6.681454742E+15	1.210253530E+16	4.387690000E+16	58.8862760679	2.021300000E-01
0.789	131.85	73.22	4.730900000E+18	4.968971736E+18	4.284516483E+01	4.414871287E+12	2.343300404E+14	4.167769598E+15	3.056730206E+16	6.613187467E+15	1.199206331E+16	4.396460000E+16	58.2946057622	2.012900000E-01
0.790	130.94	72.88	4.699800000E+18	4.941774048E+18	5.755958484E+01	4.489642193E+12	2.414043499E+14	4.197579098E+15	3.039910488E+16	6.545463656E+15	1.188214984E+16	4.405180000E+16	57.7062887722	2.004600000E-01
0.791	130.03	72.54	4.668800000E+18	4.914590260E+18	7.727459460E+01	4.567248846E+12	2.486621643E+14	4.227214496E+15	3.023011837E+16	6.478281818E+15	1.177279864E+16	4.413860000E+16	57.1213338050	1.996300000E-01
0.792	129.12	72.20	4.637800000E+18	4.887421338E+18	1.036509479E+02	4.647857274E+12	2.561064274E+14	4.256663700E+15	3.006035671E+16	6.411640388E+15	1.166401338E+16	4.422500000E+16	56.5397493397	1.988100000E-01
0.793	128.22	71.87	4.606900000E+18	4.860268257E+18	1.388875313E+02	4.731644280E+12	2.637400542E+14	4.285914493E+15	2.988983433E+16	6.345537725E+15	1.155579772E+16	4.431080000E+16	55.9615436952	1.980000000E-01
0.794	127.32	71.53	4.576000000E+18	4.833131996E+18	1.858912402E+02	4.818798108E+12	2.715659279E+14	4.314954537E+15	2.971856588E+16	6.279972116E+15	1.144815522E+16	4.439630000E+16	55.3867249709	1.971900000E-01
0.795	126.41	71.19	4.545300000E+18	4.806013542E+18	2.484990117E+02	4.909519132E+12	2.795868956E+14	4.343771387E+15	2.954656623E+16	6.214941777E+15	1.134108939E+16	4.448120000E+16	54.8153010918	1.963800000E-01
0.796	125.51	70.85	4.514500000E+18	4.778913885E+18	3.317675566E+02	5.004020587E+12	2.878057645E+14	4.372352494E+15	2.937385049E+16	6.150444849E+15	1.123460369E+16	4.456580000E+16	54.2472797493	1.955900000E-01
0.797	124.61	70.51	4.483900000E+18	4.751834025E+18	4.423508232E+02	5.102529338E+12	2.962252982E+14	4.400685221E+15	2.920043399E+16	6.086479403E+15	1.112870149E+16	4.464980000E+16	53.6826684802	1.948000000E-01
0.798	123.71	70.17	4.453300000E+18	4.724774963E+18	5.889909586E+02	5.205286680E+12	3.048482125E+14	4.428756849E+15	2.902633228E+16	6.023043439E+15	1.102338610E+16	4.473340000E+16	53.1214745629	1.940100000E-01
0.799	122.82	69.84	4.422800000E+18	4.697737710E+18	7.831558597E+02	5.312549182E+12	3.136771711E+14	4.456554587E+15	2.885156115E+16	5.960134884E+15	1.091866077E+16	4.481650000E+16	52.5637051182	1.932300000E-01
0.800	121.92	69.50	4.392300000E+18	4.670723281E+18	1.039865737E+03	5.424589570E+12	3.227147819E+14	4.484065586E+15	2.867613658E+16	5.897751599E+15	1.081452864E+16	4.489920000E+16	52.0093670401	1.924600000E-01
0.801	121.03	69.16	4.361900000E+18	4.643732694E+18	1.378762980E+03	5.541697647E+12	3.319635922E+14	4.511276945E+15	2.850007477E+16	5.835891373E+15	1.071099282E+16	4.498140000E+16	51.4584669838	1.916900000E-01
0.802	120.14	68.83	4.331600000E+18	4.616766976E+18	1.825494694E+03	5.664181264E+12	3.414260848E+14	4.538175727E+15	2.832339214E+16	5.774551928E+15	1.060805629E+16	4.506310000E+16	50.9110114319	1.909300000E-01
0.803	119.25	68.49	4.301400000E+18	4.589827157E+18	2.413496360E+03	5.792367319E+12	3.511046732E+14	4.564748968E+15	2.814610532E+16	5.713730916E+15	1.050572199E+16	4.514430000E+16	50.3670066260	1.901700000E-01
0.804	118.36	68.16	4.271200000E+18	4.562914274E+18	3.186289246E+03	5.926602818E+12	3.610016977E+14	4.590983691E+15	2.796823113E+16	5.653425925E+15	1.040399275E+16	4.522510000E+16	49.8264586101	1.894200000E-01
0.805	117.47	67.82	4.241200000E+18	4.536029367E+18	4.200434705E+03	6.067255964E+12	3.711194204E+14	4.616866914E+15	2.778978660E+16	5.593634474E+15	1.030287132E+16	4.530530000E+16	49.2893731859	1.886700000E-01
0.806	116.58	67.49	4.211200000E+18	4.509173483E+18	5.529326959E+03	6.214717306E+12	3.814600206E+14	4.642385670E+15	2.761078897E+16	5.534354017E+15	1.020236036E+16	4.538510000E+16	48.7557559554	1.879300000E-01
0.807	115.70	67.15	4.181200000E+18	4.482347672E+18	7.268054344E+03	6.369400921E+12	3.920255908E+14	4.667527011E+15	2.743125565E+16	5.475581944E+15	1.010246245E+16	4.546450000E+16	48.2256122764	1.872000000E-01
0.808	114.82	66.82	4.151400000E+18	4.455552990E+18	9.539619795E+03	6.531745651E+12	4.028181313E+14	4.692278028E+15	2.725120425E+16	5.417315580E+15	1.000318008E+16	4.554330000E+16	47.6989472947	1.864700000E-01
0.809	113.93	66.48	4.121600000E+18	4.428790496E+18	1.250288750E+04	6.702216388E+12	4.138395461E+14	4.716625861E+15	2.707065258E+16	5.359552187E+15	9.904515621E+15	4.562160000E+16	47.1757659103	1.857400000E-01
0.810	113.05	66.15	4.092000000E+18	4.402061257E+18	1.636271801E+04	6.881305400E+12	4.250916377E+14	4.740557713E+15	2.688961862E+16	5.302288965E+15	9.806471375E+15	4.569950000E+16	46.6560728308	1.850200000E-01
0.811	112.18	65.82	4.062400000E+18	4.375366340E+18	2.138287317E+04	7.069533712E+12	4.365761028E+14	4.764060865E+15	2.670812052E+16	5.245523052E+15	9.709049538E+15	4.577680000E+16	46.1398724849	1.843100000E-01
0.812	111.30	65.49	4.032900000E+18	4.348706819E+18	2.790242063E+04	7.267452531E+12	4.482945273E+14	4.787122688E+15	2.652617661E+16	5.189251527E+15	9.612252210E+15	4.585370000E+16	45.6271690966	1.836000000E-01
0.813	110.43	65.15	4.003400000E+18	4.322083771E+18	3.635655241E+04	7.475644720E+12	4.602483815E+14	4.809730658E+15	2.634380541E+16	5.133471405E+15	9.516081390E+15	4.593010000E+16	45.1179666421	1.829000000E-01
0.814	109.55	64.82	3.974100000E+18	4.295498279E+18	4.730296148E+04	7.694726321E+12	4.724390153E+14	4.831872370E+15	2.616102559E+16	5.078179648E+15	9.420538980E+15	4.600590000E+16	44.6122688808	1.822000000E-01
0.815	108.68	64.49	3.944800000E+18	4.268951427E+18	6.145520452E+04	7.925348124E+12	4.848676536E+14	4.853535552E+15	2.597785596E+16	5.023373156E+15	9.325626779E+15	4.608130000E+16	44.1100793022	1.815100000E-01
0.816	107.81	64.16	3.915700000E+18	4.242444305E+18	7.972483115E+04	8.168197284E+12	4.975353914E+14	4.874708082E+15	2.579431551E+16	4.969048775E+15	9.231346484E+15	4.615610000E+16	43.6114011783	1.808200000E-01
0.817	106.94	63.83	3.886600000E+18	4.215978004E+18	1.032744942E+05	8.423998985E+12	5.104431888E+14	4.895377997E+15	2.561042339E+16	4.915203292E+15	9.137699691E+15	4.623050000E+16	43.1162375111	1.801400000E-01
0.818	106.08	63.50	3.857700000E+18	4.189553622E+18	1.335847916E+05	8.693518144E+12	5.235918669E+14	4.915533512E+15	2.542619887E+16	4.861833444E+15	9.044687890E+15	4.630430000E+16	42.6245910937	1.794600000E-01
0.819	105.21	63.17	3.828800000E+18	4.163172258E+18	1.725382489E+05	8.977561171E+12	5.369821024E+14	4.935163032E+15	2.524166138E+16	4.808935909E+15	8.952312470E+15	4.637760000E+16	42.1364644492	1.787900000E-01
0.820	104.35	62.84	3.800000000E+18	4.136835015E+18	2.225246618E+05	9.276977756E+12	5.506144231E+14	4.954255167E+15	2.505683048E+16	4.756507317E+15	8.860574711E+15	4.645040000E+16	41.6518598606	1.781200000E-01
0.821	103.49	62.51	3.771300000E+18	4.110542997E+18	2.865730080E+05	9.592662708E+12	5.644892036E+14	4.972798748E+15	2.487172585E+16	4.704544245E+15	8.769475792E+15	4.652270000E+16	41.1707793406	1.774600000E-01
0.822	102.63	62.19	3.742700000E+18	4.084297315E+18	3.685163524E+05	9.925557830E+12	5.786066603E+14	4.990782837E+15	2.468636732E+16	4.653043218E+15	8.679016784E+15	4.659440000E+16	40.6932246920	1.768000000E-01
0.823	101.77	61.86	3.714200000E+18	4.058099079E+18	4.731976497E+05	1.027665383E+13	5.929668470E+14	5.008196746E+15	2.450077482E+16	4.602000716E+15	8.589198652E+15	4.666560000E+16	40.2191974270	1.761500000E-01
0.824	100.91	61.53	3.685800000E+18	4.031949403E+18	6.067261527E+05	1.064699226E+13	6.075696504E+14	5.025030046E+15	2.431496839E+16	4.551413167E+15	8.500022256E+15	4.673630000E+16	39.7486988178	1.755000000E-01
0.825	100.06	61.20	3.657500000E+18	4.005849403E+18	7.767963288E+05	1.103766752E+13	6.224147860E+14	5.041272586E+15	2.412896821E+16	4.501276955E+15	8.411488350E+15	4.680650000E+16	39.2817298765	1.748500000E-01
0.826	99.21	60.88	3.629300000E+18	3.979800198E+18	9.930838484E+05	1.144982880E+13	6.375017932E+14	5.056914501E+15	2.394279454E+16	4.451588417E+15	8.323597582E+15	4.687610000E+16	38.8182913652	1.742200000E-01
0.827	98.36	60.55	3.601200000E+18	3.953802909E+18	1.267736435E+06	1.188468219E+13	6.528300318E+14	5.071946229E+15	2.375646773E+16	4.402343848E+15	8.236350492E+15	4.694510000E+16	38.3583837863	1.735800000E-01
0.828	97.51	60.23	3.573300000E+18	3.927858659E+18	1.615981264E+06	1.234349265E+13	6.683986771E+14	5.086358524E+15	2.357000824E+16	4.353539499E+15	8.149747516E+15	4.701360000E+16	37.9020073828	1.729500000E-01
0.829	96.66	59.90	3.545400000E+18	3.901968570E+18	2.056875295E+06	1.282758613E+13	6.842067167E+14	5.100142464E+15	2.338343661E+16	4.305171580E+15	8.063788985E+15	4.708160000E+16	37.4491621100	1.723300000E-01
0.830	95.82	59.58	3.517600000E+18	3.876133771E+18	2.614230588E+06	1.333835164E+13	7.002529458E+14	5.113289469E+15	2.319677346E+16	4.257236260E+15	7.978475122E+15	4.714900000E+16	36.9998477125	1.717100000E-01
0.831	94.97	59.25	3.489900000E+18	3.850355387E+18	3.317753446E+06	1.387724328E+13	7.165359642E+14	5.125791311E+15	2.301003948E+16	4.209729670E+15	7.893806048E+15	4.721590000E+16	36.5540636194	1.710900000E-01
0.832	94.13	58.93	3.462400000E+18	3.824634547E+18	4.204444379E+06	1.444609983E+13	7.330541720E+14	5.137640124E+15	2.282325544E+16	4.162647905E+15	7.809781777E+15	4.728220000E+16	36.1118090217	1.704800000E-01
0.833	93.29	58.61	3.434900000E+18	3.798972380E+18	5.320315638E+06	1.504587775E+13	7.498057665E+14	5.148828416E+15	2.263644216E+16	4.115987022E+15	7.726402220E+15	4.734790000E+16	35.6730828343	1.698800000E-01
0.834	92.46	58.29	3.407600000E+18	3.773370018E+18	6.722494701E+06	1.567855583E+13	7.667887388E+14	5.159349081E+15	2.244962052E+16	4.069743046E+15	7.643667187E+15	4.741300000E+16	35.2378837251	1.692800000E-01
0.835	91.62	57.97	3.380400000E+18	3.747828591E+18	8.481795968E+06	1.634586938E+13	7.840008704E+14	5.169195407E+15	2.226281145E+16	4.023911968E+15	7.561576382E+15	4.747760000E+16	34.8062100689	1.686800000E-01
0.836	90.79	57.64	3.353300000E+18	3.722349231E+18	1.068585940E+07	1.704962913E+13	8.014397306E+14	5.178361088E+15	2.207603592E+16	3.978489748E+15	7.480129409E+15	4.754160000E+16	34.3780599859	1.680900000E-01
0.837	89.96	57.32	3.326300000E+18	3.696933069E+18	1.344297440E+07	1.779172321E+13	8.191026730E+14	5.186840229E+15	2.188931494E+16	3.933472316E+15	7.399325771E+15	4.760500000E+16	33.9534313142	1.675000000E-01
0.838	89.13	57.00	3.299400000E+18	3.671581237E+18	1.688673034E+07	1.857411908E+13	8.369868337E+14	5.194627360E+15	2.170266955E+16	3.888855576E+15	7.319164870E+15	4.766780000E+16	33.5323216300	1.669200000E-01
0.839	88.30	56.68	3.272600000E+18	3.646294866E+18	2.118166259E+07	1.939886544E+13	8.550891279E+14	5.201717440E+15	2.151612083E+16	3.844635403E+15	7.239646010E+15	4.773000000E+16	33.1147282297	1.663400000E-01
0.840	87.48	56.36	3.246000000E+18	3.621075089E+18	2.653009492E+07	2.026809407E+13	8.734062485E+14	5.208105866E+15	2.132968984E+16	3.800807648E+15	7.160768397E+15	4.779160000E+16	32.7006481586	1.657600000E-01
0.841	86.65	56.05	3.219400000E+18	3.595923035E+18	3.318041717E+07	2.118402160E+13	8.919346633E+14	5.213788480E+15	2.114339769E+16	3.757368140E+15	7.082531138E+15	4.785260000E+16	32.2900781575	1.651900000E-01
0.842	85.83	55.73	3.193000000E+18	3.570839834E+18	4.143708157E+07	2.214895117E+13	9.106706138E+14	5.218761574E+15	2.095726547E+16	3.714312686E+15	7.004933247E+15	4.791290000E+16	31.8830147096	1.646200000E-01
0.843	85.01	55.41	3.166800000E+18	3.545826616E+18	5.167265285E+07	2.316527409E+13	9.296101129E+14	5.223021896E+15	2.077131429E+16	3.671637074E+15	6.927973641E+15	4.797270000E+16	31.4794540322	1.640600000E-01
0.844	84.20	55.09	3.140600000E+18	3.520884508E+18	6.434230822E+07	2.423547127E+13	9.487489441E+14	5.226566657E+15	2.058556522E+16	3.629337073E+15	6.851651145E+15	4.803180000E+16	31.0793920520	1.635000000E-01
0.845	83.38	54.78	3.114500000E+18	3.496014637E+18	8.000125405E+07	2.536211469E+13	9.680826601E+14	5.229393529E+15	2.040003934E+16	3.587408437E+15	6.775964491E+15	4.809030000E+16	30.6828244325	1.629500000E-01
0.846	82.57	54.46	3.088600000E+18	3.471218126E+18	9.932560809E+07	2.654786861E+13	9.876065819E+14	5.231500658E+15	2.021475772E+16	3.545846906E+15	6.700912319E+15	4.814810000E+16	30.2897465412	1.624000000E-01
0.847	81.76	54.15	3.062800000E+18	3.446496099E+18	1.231373917E+08	2.779549072E+13	1.007315798E+15	5.232886656E+15	2.002974136E+16	3.504648208E+15	6.626493183E+15	4.820530000E+16	29.9001534947	1.618600000E-01
0.848	80.95	53.83	3.037200000E+18	3.421849676E+18	1.524343865E+08	2.910783315E+13	1.027205164E+15	5.233550613E+15	1.984501126E+16	3.463808059E+15	6.552705544E+15	4.826190000E+16	29.5140401164	1.613100000E-01
0.849	80.15	53.52	3.011600000E+18	3.397279975E+18	1.884257376E+08	3.048784327E+13	1.047269303E+15	5.233492092E+15	1.966058838E+16	3.423322169E+15	6.479547781E+15	4.831770000E+16	29.1314009565	1.607800000E-01
0.850	79.34	53.21	2.986200000E+18	3.372788112E+18	2.325743310E+08	3.193856439E+13	1.067502606E+15	5.232711130E+15	1.947649360E+16	3.383186240E+15	6.407018186E+15	4.837290000E+16	28.7522302934	1.602400000E-01
0.851	78.54	52.90	2.960900000E+18	3.348375199E+18	2.866471422E+08	3.346313618E+13	1.087899229E+15	5.231208242E+15	1.929274778E+16	3.343395970E+15	6.335114965E+15	4.842740000E+16	28.3765221187	1.597200000E-01
0.852	77.75	52.58	2.935800000E+18	3.324042346E+18	3.527749442E+08	3.506479498E+13	1.108453098E+15	5.228984417E+15	1.910937171E+16	3.303947054E+15	6.263836246E+15	4.848130000E+16	28.0042701561	1.591900000E-01
0.853	76.95	52.27	2.910800000E+18	3.299790659E+18	4.335229836E+08	3.674687385E+13	1.129157910E+15	5.226041116E+15	1.892638610E+16	3.264835190E+15	6.193180073E+15	4.853440000E+16	27.6354678472	1.586700000E-01
0.854	76.15	51.96	2.885900000E+18	3.275621240E+18	5.319744835E+08	3.851280241E+13	1.150007129E+15	5.222380272E+15	1.874381160E+16	3.226056073E+15	6.123144414E+15	4.858680000E+16	27.2701083531	1.581500000E-01
0.855	75.36	51.65	2.861100000E+18	3.251535188E+18	6.518291161E+08	4.036610644E+13	1.170993993E+15	5.218004287E+15	1.856166877E+16	3.187605405E+15	6.053727157E+15	4.863850000E+16	26.9081845654	1.576400000E-01
0.856	74.57	51.34	2.836500000E+18	3.227533597E+18	7.975189102E+08	4.231040719E+13	1.192111514E+15	5.212916026E+15	1.837997809E+16	3.149478894E+15	5.984926116E+15	4.868950000E+16	26.5496890920	1.571300000E-01
0.857	73.79	51.03	2.812000000E+18	3.203617558E+18	9.743444210E+08	4.434942049E+13	1.213352480E+15	5.207118814E+15	1.819875994E+16	3.111672255E+15	5.916739030E+15	4.873970000E+16	26.1946142762	1.566200000E-01
0.858	73.00	50.73	2.787700000E+18	3.179788154E+18	1.188634402E+09	4.648695552E+13	1.234709455E+15	5.200616434E+15	1.801803460E+16	3.074181215E+15	5.849163567E+15	4.878920000E+16	25.8429521578	1.561200000E-01
0.859	72.22	50.42	2.763500000E+18	3.156046467E+18	1.447932672E+09	4.872691331E+13	1.256174788E+15	5.193413116E+15	1.783782226E+16	3.037001513E+15	5.782197323E+15	4.883800000E+16	25.4946945338	1.556200000E-01
0.860	71.44	50.11	2.739400000E+18	3.132393572E+18	1.761216395E+09	5.107328489E+13	1.277740609E+15	5.185513533E+15	1.765814298E+16	3.000128904E+15	5.715837826E+15	4.888600000E+16	25.1498329113	1.551300000E-01
0.861	70.66	49.81	2.715400000E+18	3.108830538E+18	2.139150552E+09	5.353014922E+13	1.299398837E+15	5.176922798E+15	1.747901669E+16	2.963559160E+15	5.650082536E+15	4.893320000E+16	24.8083585192	1.546400000E-01
0.862	69.89	49.50	2.691600000E+18	3.085358427E+18	2.594384027E+09	5.610167061E+13	1.321141183E+15	5.167646450E+15	1.730046323E+16	2.927288072E+15	5.584928849E+15	4.897960000E+16	24.4702623032	1.541500000E-01
0.863	69.11	49.20	2.668000000E+18	3.061978299E+18	3.141893445E+09	5.879209599E+13	1.342959151E+15	5.157690449E+15	1.712250228E+16	2.891311456E+15	5.520374096E+15	4.902520000E+16	24.1355349683	1.536700000E-01
0.864	68.34	48.89	2.644500000E+18	3.038691203E+18	3.799381661E+09	6.160575166E+13	1.364844045E+15	5.147061170E+15	1.694515339E+16	2.855625150E+15	5.456415546E+15	4.907000000E+16	23.8041669106	1.531900000E-01
0.865	67.58	48.59	2.621100000E+18	3.015498184E+18	4.587738671E+09	6.454703971E+13	1.386786975E+15	5.135765388E+15	1.676843596E+16	2.820225020E+15	5.393050410E+15	4.911400000E+16	23.4761482760	1.527100000E-01
0.866	66.81	48.29	2.597900000E+18	2.992400278E+18	5.531573665E+09	6.762043411E+13	1.408778858E+15	5.123810273E+15	1.659236926E+16	2.785106964E+15	5.330275837E+15	4.915710000E+16	23.1514689240	1.522400000E-01
0.867	66.05	47.99	2.574800000E+18	2.969398516E+18	6.659827934E+09	7.083047632E+13	1.430810424E+15	5.111203378E+15	1.641697237E+16	2.750266908E+15	5.268088923E+15	4.919940000E+16	22.8301184627	1.517700000E-01
0.868	65.29	47.69	2.551900000E+18	2.946493919E+18	8.006479511E+09	7.418177054E+13	1.452872226E+15	5.097952629E+15	1.624226425E+16	2.715700817E+15	5.206486707E+15	4.924080000E+16	22.5120862129	1.513100000E-01
0.869	64.53	47.39	2.529100000E+18	2.923687502E+18	9.611351583E+09	7.767897855E+13	1.474954640E+15	5.084066311E+15	1.606826365E+16	2.681404692E+15	5.145466176E+15	4.928130000E+16	22.1973612431	1.508500000E-01
0.870	63.78	47.09	2.506400000E+18	2.900980270E+18	1.152103805E+10	8.132681406E+13	1.497047873E+15	5.069553061E+15	1.589498918E+16	2.647374574E+15	5.085024264E+15	4.932100000E+16	21.8859323423	1.503900000E-01
0.871	63.02	46.79	2.483900000E+18	2.878373219E+18	1.378996098E+10	8.513003671E+13	1.519141970E+15	5.054421853E+15	1.572245925E+16	2.613606547E+15	5.025157857E+15	4.935970000E+16	21.5777880313	1.499400000E-01
0.872	62.28	46.49	2.461600000E+18	2.855867339E+18	1.648157622E+10	8.909344556E+13	1.541226824E+15	5.038681987E+15	1.555069210E+16	2.580096742E+15	4.965863793E+15	4.939750000E+16	21.2729165895	1.494800000E-01
0.873	61.53	46.20	2.439300000E+18	2.833463607E+18	1.966974495E+10	9.322187218E+13	1.563292173E+15	5.022343073E+15	1.537970575E+16	2.546841336E+15	4.907138864E+15	4.943440000E+16	20.9713060062	1.490400000E-01
0.874	60.78	45.90	2.417300000E+18	2.811162992E+18	2.344029071E+10	9.752017327E+13	1.585327620E+15	5.005415024E+15	1.520951806E+16	2.513836560E+15	4.848979817E+15	4.947030000E+16	20.6729440218	1.485900000E-01
0.875	60.04	45.60	2.395400000E+18	2.788966454E+18	2.789276308E+10	1.019932228E+14	1.607322630E+15	4.987908037E+15	1.504014666E+16	2.481078697E+15	4.791383358E+15	4.950520000E+16	20.3778181247	1.481500000E-01
0.876	59.30	45.31	2.373600000E+18	2.766874941E+18	3.314243109E+10	1.066459038E+14	1.629266545E+15	4.969832585E+15	1.487160900E+16	2.448564089E+15	4.734346148E+15	4.953910000E+16	20.0859155334	1.477100000E-01
0.877	58.57	45.02	2.352000000E+18	2.744889390E+18	3.932253117E+10	1.114830995E+14	1.651148585E+15	4.951199396E+15	1.470392229E+16	2.416289135E+15	4.677864815E+15	4.957210000E+16	19.7972232081	1.472800000E-01
0.878	57.84	44.72	2.330600000E+18	2.723010728E+18	4.658679658E+10	1.165096842E+14	1.672957865E+15	4.932019446E+15	1.453710353E+16	2.384250302E+15	4.621935943E+15	4.960390000E+16	19.5117278629	1.468500000E-01
0.879	57.11	44.43	2.309300000E+18	2.701239871E+18	5.511229683E+10	1.217305136E+14	1.694683396E+15	4.912303942E+15	1.437116952E+16	2.352444117E+15	4.566556086E+15	4.963480000E+16	19.2294159622	1.464200000E-01
0.880	56.38	44.14	2.288100000E+18	2.679577721E+18	6.510261790E+10	1.271504146E+14	1.716314097E+15	4.892064308E+15	1.420613680E+16	2.320867180E+15	4.511721759E+15	4.966460000E+16	18.9502737047	1.460000000E-01
0.881	55.65	43.85	2.267100000E+18	2.658025170E+18	7.679141571E+10	1.327741750E+14	1.737838805E+15	4.871312171E+15	1.404202169E+16	2.289516163E+15	4.457429448E+15	4.969320000E+16	18.6742870559	1.455800000E-01
0.882	54.93	43.56	2.246300000E+18	2.636583096E+18	9.044637702E+10	1.386065322E+14	1.759246280E+15	4.850059344E+15	1.387884029E+16	2.258387810E+15	4.403675607E+15	4.972080000E+16	18.4014417254	1.451600000E-01
0.883	54.21	43.27	2.225600000E+18	2.615252365E+18	1.063736241E+11	1.446521621E+14	1.780525221E+15	4.828317818E+15	1.371660842E+16	2.227478948E+15	4.350456658E+15	4.974720000E+16	18.1317231851	1.447500000E-01
0.884	53.50	42.99	2.205000000E+18	2.594033829E+18	1.249226003E+11	1.509156670E+14	1.801664269E+15	4.806099741E+15	1.355534169E+16	2.196786483E+15	4.297769000E+15	4.977250000E+16	17.8651166607	1.443300000E-01
0.885	52.79	42.70	2.184700000E+18	2.572928325E+18	1.464914761E+11	1.574015635E+14	1.822652022E+15	4.783417407E+15	1.339505544E+16	2.166307405E+15	4.245609003E+15	4.979660000E+16	17.6016071300	1.439300000E-01
0.886	52.08	42.41	2.164400000E+18	2.551936679E+18	1.715331149E+11	1.641142697E+14	1.843477040E+15	4.760283240E+15	1.323576476E+16	2.136038794E+15	4.193973011E+15	4.981950000E+16	17.3411793553	1.435200000E-01
0.887	51.37	42.13	2.144400000E+18	2.531059700E+18	2.005616401E+11	1.710580927E+14	1.864127861E+15	4.736709784E+15	1.307748448E+16	2.105977821E+15	4.142857349E+15	4.984120000E+16	17.0838178477	1.431200000E-01
0.888	50.67	41.84	2.124500000E+18	2.510298183E+18	2.341596447E+11	1.782372146E+14	1.884593007E+15	4.712709682E+15	1.292022916E+16	2.076121752E+15	4.092258317E+15	4.986160000E+16	16.8295068931	1.427200000E-01
0.889	49.96	41.56	2.104700000E+18	2.489652906E+18	2.729860836E+11	1.856556794E+14	1.904860994E+15	4.688295668E+15	1.276401310E+16	2.046467952E+15	4.042172196E+15	4.988070000E+16	16.5782305374	1.423200000E-01
0.890	49.27	41.28	2.085100000E+18	2.469124633E+18	3.177848910E+11	1.933173785E+14	1.924920348E+15	4.663480548E+15	1.260885034E+16	2.017013885E+15	3.992595249E+15	4.989850000E+16	16.3299726122	1.419300000E-01
0.891	48.57	41.00	2.065700000E+18	2.448714111E+18	3.693943610E+11	2.012260370E+14	1.944759609E+15	4.638277193E+15	1.245475461E+16	1.987757123E+15	3.943523720E+15	4.991500000E+16	16.0847167207	1.415400000E-01
0.892	47.88	40.72	2.046400000E+18	2.428422070E+18	4.287573296E+11	2.093851985E+14	1.964367346E+15	4.612698518E+15	1.230173940E+16	1.958695346E+15	3.894953838E+15	4.993010000E+16	15.8424462431	1.411600000E-01
0.893	47.19	40.44	2.027300000E+18	2.408249224E+18	4.969321931E+11	2.177982112E+14	1.983732166E+15	4.586757474E+15	1.214981789E+16	1.929826347E+15	3.846881820E+15	4.994390000E+16	15.6031443494	1.407700000E-01
0.894	46.51	40.16	2.008300000E+18	2.388196268E+18	5.751047940E+11	2.264682120E+14	2.002842726E+15	4.560467034E+15	1.199900298E+16	1.901148033E+15	3.799303865E+15	4.995620000E+16	15.3667939855	1.403900000E-01
0.895	45.83	39.88	1.989500000E+18	2.368263881E+18	6.646012019E+11	2.353981124E+14	2.021687745E+15	4.533840179E+15	1.184930729E+16	1.872658434E+15	3.752216165E+15	4.996710000E+16	15.1333778991	1.400100000E-01
0.896	45.15	39.61	1.970800000E+18	2.348452720E+18	7.669014102E+11	2.445905825E+14	2.040256013E+15	4.506889883E+15	1.170074315E+16	1.844355700E+15	3.705614898E+15	4.997650000E+16	14.9028786071	1.396400000E-01
0.897	44.47	39.33	1.952300000E+18	2.328763427E+18	8.836539637E+11	2.540480360E+14	2.058536401E+15	4.479629109E+15	1.155332257E+16	1.816238110E+15	3.659496235E+15	4.998430000E+16	14.6752784467	1.392700000E-01
0.898	43.80	39.06	1.934000000E+18	2.309196622E+18	1.016691524E+12	2.637726149E+14	2.076517876E+15	4.452070787E+15	1.140705730E+16	1.788304073E+15	3.613856339E+15	4.999070000E+16	14.4505595372	1.389000000E-01
0.899	43.13	38.79	1.915800000E+18	2.289752907E+18	1.168047369E+12	2.737661742E+14	2.094189510E+15	4.424227811E+15	1.126195874E+16	1.760552135E+15	3.568691365E+15	4.999540000E+16	14.2287038116	1.385300000E-01
0.900	42.47	38.51	1.897800000E+18	2.270432862E+18	1.339972814E+12	2.840302662E+14	2.111540491E+15	4.396113022E+15	1.111803804E+16	1.732980978E+15	3.523997464E+15	4.999850000E+16	14.0096929985	1.381700000E-01
0.901	41.80	38.24	1.880000000E+18	2.251237047E+18	1.534955534E+12	2.945661258E+14	2.128560133E+15	4.367739199E+15	1.097530601E+16	1.705589429E+15	3.479770781E+15	5.000000000E+16	13.7935086410	1.378100000E-01
0.902	41.14	37.97	1.862300000E+18	2.232166000E+18	1.755738732E+12	3.053746552E+14	2.145237890E+15	4.339119048E+15	1.083377315E+16	1.678376459E+15	3.436007460E+15	4.999980000E+16	13.5801320910	1.374500000E-01
0.903	40.49	37.70	1.844700000E+18	2.213220238E+18	2.005341126E+12	3.164564087E+14	2.161563363E+15	4.310265194E+15	1.069344967E+16	1.651341192E+15	3.392703641E+15	4.999780000E+16	13.3695445225	1.370900000E-01
0.904	39.84	37.44	1.827300000E+18	2.194400257E+18	2.287077653E+12	3.278115784E+14	2.177526315E+15	4.281190169E+15	1.055434545E+16	1.624482906E+15	3.349855465E+15	4.999410000E+16	13.1617269382	1.367400000E-01
0.905	39.19	37.17	1.810100000E+18	2.175706527E+18	2.604580831E+12	3.394399800E+14	2.193116678E+15	4.251906402E+15	1.041647007E+16	1.597801036E+15	3.307459071E+15	4.998860000E+16	12.9566601463	1.363900000E-01
0.906	38.54	36.90	1.793100000E+18	2.157139496E+18	2.961822644E+12	3.513410379E+14	2.208324567E+15	4.222426210E+15	1.027983278E+16	1.571295184E+15	3.265510600E+15	4.998130000E+16	12.7543247921	1.360500000E-01
0.907	37.90	36.64	1.776200000E+18	2.138699590E+18	3.363136834E+12	3.635137725E+14	2.223140287E+15	4.192761792E+15	1.014444252E+16	1.544965116E+15	3.224006197E+15	4.997200000E+16	12.5547013648	1.357000000E-01
0.908	37.26	36.38	1.759400000E+18	2.120387209E+18	3.813241454E+12	3.759567864E+14	2.237554347E+15	4.162925218E+15	1.001030791E+16	1.518810770E+15	3.182942009E+15	4.996080000E+16	12.3577701813	1.353600000E-01
0.909	36.63	36.11	1.742800000E+18	2.102202728E+18	4.317261482E+12	3.886682516E+14	2.251557467E+15	4.132928423E+15	9.877437242E+15	1.492832261E+15	3.142314185E+15	4.994770000E+16	12.1635113992	1.350200000E-01
0.910	36.00	35.85	1.726400000E+18	2.084146496E+18	4.880751318E+12	4.016458979E+14	2.265140589E+15	4.102783196E+15	9.745838492E+15	1.467029882E+15	3.102118883E+15	4.993250000E+16	11.9719050190	1.346800000E-01
0.911	35.37	35.59	1.710100000E+18	2.066218839E+18	5.509716929E+12	4.148870007E+14	2.278294889E+15	4.072501177E+15	9.615519312E+15	1.441404112E+15	3.062352264E+15	4.991530000E+16	11.7829309088	1.343500000E-01
0.912	34.75	35.33	1.694000000E+18	2.048420054E+18	6.210637379E+12	4.283883705E+14	2.291011784E+15	4.042093848E+15	9.486487029E+15	1.415955620E+15	3.023010497E+15	4.989600000E+16	11.5965687771	1.340200000E-01
0.913	34.13	35.08	1.678100000E+18	2.030750410E+18	6.990485487E+12	4.421463425E+14	2.303282940E+15	4.011572528E+15	9.358748645E+15	1.390685266E+15	2.984089761E+15	4.987450000E+16	11.4127981869	1.336900000E-01
0.914	33.51	34.82	1.662300000E+18	2.013210152E+18	7.856747273E+12	4.561567671E+14	2.315100288E+15	3.980948366E+15	9.232310836E+15	1.365594110E+15	2.945586239E+15	4.985080000E+16	11.2315985859	1.333700000E-01
0.915	32.90	34.57	1.646600000E+18	1.995799494E+18	8.817439897E+12	4.704150015E+14	2.326456023E+15	3.950232333E+15	9.107179951E+15	1.340683413E+15	2.907496127E+15	4.982480000E+16	11.0529492746	1.330400000E-01
0.916	32.29	34.31	1.631100000E+18	1.978518622E+18	9.881127702E+12	4.849159022E+14	2.337342622E+15	3.919435225E+15	8.983362013E+15	1.315954644E+15	2.869815631E+15	4.979650000E+16	10.8768294321	1.327200000E-01
0.917	31.69	34.06	1.615800000E+18	1.961367692E+18	1.105693600E+13	4.996538173E+14	2.347752846E+15	3.888567647E+15	8.860862716E+15	1.291409485E+15	2.832540966E+15	4.976590000E+16	10.7032181122	1.324000000E-01
0.918	31.09	33.81	1.600600000E+18	1.944346833E+18	1.235456216E+13	5.146225817E+14	2.357679750E+15	3.857640019E+15	8.739687429E+15	1.267049833E+15	2.795668361E+15	4.973290000E+16	10.5320942684	1.320900000E-01
0.919	30.49	33.56	1.585600000E+18	1.927456139E+18	1.378428365E+13	5.298155117E+14	2.367116694E+15	3.826662563E+15	8.619841191E+15	1.242877806E+15	2.759194057E+15	4.969740000E+16	10.3634367186	1.317700000E-01
0.920	29.90	33.31	1.570700000E+18	1.910695678E+18	1.535696249E+13	5.452254014E+14	2.376057344E+15	3.795645308E+15	8.501328717E+15	1.218895750E+15	2.723114306E+15	4.965940000E+16	10.1972242017	1.314600000E-01
0.921	29.31	33.06	1.556000000E+18	1.894065481E+18	1.708404572E+13	5.608445200E+14	2.384495684E+15	3.764598079E+15	8.384154391E+15	1.195106242E+15	2.687425377E+15	4.961880000E+16	10.0334353276	1.311500000E-01
0.922	28.72	32.82	1.541400000E+18	1.877565552E+18	1.897756144E+13	5.766646106E+14	2.392426023E+15	3.733530499E+15	8.268322273E+15	1.171512093E+15	2.652123552E+15	4.957560000E+16	9.8720486385	1.308500000E-01
0.923	28.14	32.57	1.527000000E+18	1.861195858E+18	2.105010985E+13	5.926768896E+14	2.399842996E+15	3.702451984E+15	8.153836096E+15	1.148116357E+15	2.617205127E+15	4.952970000E+16	9.7130425645	1.305400000E-01
0.924	27.56	32.33	1.512700000E+18	1.844956335E+18	2.331484898E+13	6.088720475E+14	2.406741578E+15	3.671371743E+15	8.040699267E+15	1.124922335E+15	2.582666416E+15	4.948100000E+16	9.5563954640	1.302400000E-01
0.925	26.99	32.09	1.498600000E+18	1.828846884E+18	2.578547442E+13	6.252402518E+14	2.413117083E+15	3.640298772E+15	7.928914868E+15	1.101933575E+15	2.548503748E+15	4.942950000E+16	9.4020856114	1.299400000E-01
0.926	26.42	31.85	1.484600000E+18	1.812867371E+18	2.847619285E+13	6.417711498E+14	2.418965174E+15	3.609241856E+15	7.818485659E+15	1.079153887E+15	2.514713468E+15	4.937520000E+16	9.2500912059	1.296500000E-01
0.927	25.86	31.61	1.470800000E+18	1.797017626E+18	3.140168871E+13	6.584538735E+14	2.424281863E+15	3.578209568E+15	7.709414075E+15	1.056587338E+15	2.481291940E+15	4.931800000E+16	9.1003903752	1.293500000E-01
0.928	25.30	31.37	1.457100000E+18	1.781297445E+18	3.457708377E+13	6.752770462E+14	2.429063521E+15	3.547210265E+15	7.601702228E+15	1.034238263E+15	2.448235546E+15	4.925770000E+16	8.9529611948	1.290600000E-01
0.929	24.74	31.13	1.443600000E+18	1.765706586E+18	3.801788912E+13	6.922287894E+14	2.433306879E+15	3.516252088E+15	7.495351914E+15	1.012111270E+15	2.415540685E+15	4.919440000E+16	8.8077816761	1.287700000E-01
0.930	24.19	30.90	1.430200000E+18	1.750244770E+18	4.173994926E+13	7.092967323E+14	2.437009032E+15	3.485342964E+15	7.390364605E+15	9.902112443E+14	2.383203774E+15	4.912800000E+16	8.6648297811	1.284800000E-01
0.931	23.64	30.67	1.416900000E+18	1.734911679E+18	4.575937810E+13	7.264680215E+14	2.440167442E+15	3.454490604E+15	7.286741458E+15	9.685433525E+14	2.351221253E+15	4.905840000E+16	8.5240834215	1.282000000E-01
0.932	23.10	30.43	1.403800000E+18	1.719706957E+18	5.009248647E+13	7.437293330E+14	2.442779943E+15	3.423702502E+15	7.184483313E+15	9.471130507E+14	2.319589579E+15	4.898550000E+16	8.3855204723	1.279100000E-01
0.933	22.56	30.20	1.390900000E+18	1.704630210E+18	5.475576760E+13	7.610668851E+14	2.444844741E+15	3.392985937E+15	7.083590697E+15	9.259260885E+14	2.288305229E+15	4.890930000E+16	8.2491187818	1.276300000E-01
0.934	22.03	29.98	1.378000000E+18	1.689681001E+18	5.976554585E+13	7.784664530E+14	2.446360417E+15	3.362347974E+15	6.984063823E+15	9.049885145E+14	2.257364701E+15	4.882980000E+16	8.1148561555	1.273500000E-01
0.935	21.50	29.75	1.365300000E+18	1.674858855E+18	6.513826309E+13	7.959133844E+14	2.447325930E+15	3.331795461E+15	6.885902595E+15	8.843066826E+14	2.226764515E+15	4.874670000E+16	7.9827103908	1.270800000E-01
0.936	20.97	29.52	1.352800000E+18	1.660163255E+18	7.089012096E+13	8.133926170E+14	2.447740615E+15	3.301335037E+15	6.789106608E+15	8.638872570E+14	2.196501211E+15	4.866020000E+16	7.8526592661	1.268000000E-01
0.937	20.45	29.30	1.340400000E+18	1.645593639E+18	7.703702775E+13	8.308886970E+14	2.447604188E+15	3.270973126E+15	6.693675149E+15	8.437372183E+14	2.166571352E+15	4.857010000E+16	7.7246805369	1.265300000E-01
0.938	19.94	29.08	1.328100000E+18	1.631149406E+18	8.359447550E+13	8.483857988E+14	2.446916742E+15	3.240715942E+15	6.599607205E+15	8.238638691E+14	2.136971520E+15	4.847630000E+16	7.5987519732	1.262600000E-01
0.939	19.42	28.86	1.315900000E+18	1.616829910E+18	9.057740951E+13	8.658677466E+14	2.445678751E+15	3.210569491E+15	6.506901459E+15	8.042748400E+14	2.107698322E+15	4.837880000E+16	7.4748513410	1.259900000E-01
0.940	18.92	28.64	1.303900000E+18	1.602634460E+18	9.800009086E+13	8.833180365E+14	2.443891064E+15	3.180539570E+15	6.415556297E+15	7.849780952E+14	2.078748387E+15	4.827750000E+16	7.3529564119	1.257300000E-01
0.941	18.42	28.42	1.292000000E+18	1.588562320E+18	1.058759525E+14	9.007198608E+14	2.441554912E+15	3.150631772E+15	6.325569806E+15	7.659819389E+14	2.050118367E+15	4.817240000E+16	7.2330449728	1.254600000E-01
0.942	17.92	28.20	1.280200000E+18	1.574612709E+18	1.142174496E+14	9.180561328E+14	2.438671897E+15	3.120851488E+15	6.236939782E+15	7.472950208E+14	2.021804936E+15	4.806330000E+16	7.1150948361	1.252000000E-01
0.943	17.43	27.99	1.268600000E+18	1.560784799E+18	1.230359053E+14	9.353095126E+14	2.435244000E+15	3.091203905E+15	6.149663729E+15	7.289263423E+14	1.993804791E+15	4.795020000E+16	6.9990838397	1.249400000E-01
0.944	16.94	27.78	1.257100000E+18	1.547077714E+18	1.323413527E+14	9.524624352E+14	2.431273570E+15	3.061694013E+15	6.063738865E+15	7.108852629E+14	1.966114655E+15	4.783300000E+16	6.8849898529	1.246800000E-01
0.945	16.46	27.57	1.245700000E+18	1.533490531E+18	1.421423743E+14	9.694971381E+14	2.426763327E+15	3.032326607E+15	5.979162122E+15	6.931815061E+14	1.938731272E+15	4.771170000E+16	6.7727907906	1.244300000E-01
0.946	15.98	27.36	1.234400000E+18	1.520022277E+18	1.524459398E+14	9.863956911E+14	2.421716357E+15	3.003106287E+15	5.895930151E+15	6.758251655E+14	1.911651411E+15	4.758620000E+16	6.6624646101	1.241700000E-01
0.947	15.51	27.15	1.223200000E+18	1.506671932E+18	1.632572449E+14	1.003140027E+15	2.416136108E+15	2.974037463E+15	5.814039324E+15	6.588267113E+14	1.884871866E+15	4.745640000E+16	6.5539893343	1.239200000E-01
0.948	15.04	26.95	1.212200000E+18	1.493438421E+18	1.745795502E+14	1.019711971E+15	2.410026387E+15	2.945124356E+15	5.733485739E+15	6.421969967E+14	1.858389453E+15	4.732220000E+16	6.4473430268	1.236700000E-01
0.949	14.58	26.74	1.201200000E+18	1.480320622E+18	1.864140250E+14	1.036093276E+15	2.403391355E+15	2.916371004E+15	5.654265221E+15	6.259472641E+14	1.832201015E+15	4.718370000E+16	6.3425038372	1.234300000E-01
0.950	14.12	26.54	1.190400000E+18	1.467317359E+18	1.987595945E+14	1.052265653E+15	2.396235524E+15	2.887781262E+15	5.576373330E+15	6.100891515E+14	1.806303419E+15	4.704060000E+16	6.2394499809	1.231800000E-01
0.951	13.67	26.34	1.179700000E+18	1.454427402E+18	2.116127942E+14	1.068210804E+15	2.388563747E+15	2.859358806E+15	5.499805357E+15	5.946346993E+14	1.780693554E+15	4.689300000E+16	6.1381597496	1.229400000E-01
0.952	13.22	26.14	1.169100000E+18	1.441649471E+18	2.249676327E+14	1.083910457E+15	2.380381218E+15	2.831107136E+15	5.424556336E+15	5.795963567E+14	1.755368336E+15	4.674070000E+16	6.0386115391	1.226900000E-01
0.953	12.78	25.95	1.158600000E+18	1.428982227E+18	2.388154645E+14	1.099346403E+15	2.371693465E+15	2.803029580E+15	5.350621043E+15	5.649869883E+14	1.730324708E+15	4.658380000E+16	5.9407838217	1.224500000E-01
0.954	12.35	25.75	1.148200000E+18	1.416424280E+18	2.531448748E+14	1.114500525E+15	2.362506340E+15	2.775129297E+15	5.277993999E+15	5.508198806E+14	1.705559634E+15	4.642220000E+16	5.8446551906	1.222200000E-01
0.955	11.92	25.56	1.137900000E+18	1.403974179E+18	2.679415781E+14	1.129354840E+15	2.352826018E+15	2.747409281E+15	5.206669476E+15	5.371087493E+14	1.681070104E+15	4.625570000E+16	5.7502043293	1.219800000E-01
0.956	11.49	25.37	1.127600000E+18	1.391630421E+18	2.831883320E+14	1.143891528E+15	2.342658985E+15	2.719872361E+15	5.136641502E+15	5.238677457E+14	1.656853136E+15	4.608440000E+16	5.6574100597	1.217500000E-01
0.957	11.08	25.19	1.117500000E+18	1.379391441E+18	2.988648692E+14	1.158092972E+15	2.332012033E+15	2.692521208E+15	5.067903863E+15	5.111114634E+14	1.632905770E+15	4.590820000E+16	5.5662513127	1.215100000E-01
0.958	10.66	25.00	1.107500000E+18	1.367255618E+18	3.149478468E+14	1.171941793E+15	2.320892254E+15	2.665358339E+15	5.000450105E+15	4.988549457E+14	1.609225072E+15	4.572690000E+16	5.4767071641	1.212800000E-01
0.959	10.26	24.82	1.097600000E+18	1.355221269E+18	3.314108174E+14	1.185420881E+15	2.309307028E+15	2.638386117E+15	4.934273545E+15	4.871136923E+14	1.585808135E+15	4.554070000E+16	5.3887568218	1.210500000E-01
0.960	9.85	24.64	1.087700000E+18	1.343286653E+18	3.482242212E+14	1.198513439E+15	2.297264018E+15	2.611606757E+15	4.869367268E+15	4.759036664E+14	1.562652075E+15	4.534940000E+16	5.3023796545	1.208300000E-01
0.961	9.46	24.46	1.077900000E+18	1.331449965E+18	3.653554005E+14	1.211203007E+15	2.284771163E+15	2.585022327E+15	4.805724135E+15	4.652413017E+14	1.539754034E+15	4.515290000E+16	5.2175551796	1.206000000E-01
0.962	9.07	24.28	1.068200000E+18	1.319709340E+18	3.827686393E+14	1.223473507E+15	2.271836662E+15	2.558634756E+15	4.743336785E+15	4.551435099E+14	1.517111181E+15	4.495130000E+16	5.1342630924	1.203800000E-01
0.963	8.69	24.11	1.058600000E+18	1.308062848E+18	4.004252266E+14	1.235309269E+15	2.258468975E+15	2.532445832E+15	4.682197644E+15	4.456276875E+14	1.494720707E+15	4.474440000E+16	5.0524832593	1.201600000E-01
0.964	8.31	23.94	1.049100000E+18	1.296508495E+18	4.182835456E+14	1.246695070E+15	2.244676805E+15	2.506457211E+15	4.622298923E+15	4.367117234E+14	1.472579832E+15	4.453230000E+16	4.9721957360	1.199400000E-01
0.965	7.94	23.77	1.039600000E+18	1.285044223E+18	4.362991884E+14	1.257616163E+15	2.230469092E+15	2.480670415E+15	4.563632627E+15	4.284140063E+14	1.450685799E+15	4.431490000E+16	4.8933807814	1.197200000E-01
0.966	7.57	23.60	1.030200000E+18	1.273667906E+18	4.544250972E+14	1.268058311E+15	2.215855007E+15	2.455086840E+15	4.506190560E+15	4.207534317E+14	1.429035877E+15	4.409220000E+16	4.8160188579	1.195000000E-01
0.967	7.22	23.44	1.020900000E+18	1.262377354E+18	4.726117304E+14	1.278007818E+15	2.200843935E+15	2.429707755E+15	4.449964324E+15	4.137494098E+14	1.407627360E+15	4.386410000E+16	4.7400906620	1.192900000E-01
0.968	6.87	23.27	1.011600000E+18	1.251170307E+18	4.908072553E+14	1.287451557E+15	2.185445468E+15	2.404534312E+15	4.394945330E+15	4.074218732E+14	1.386457567E+15	4.363070000E+16	4.6655771194	1.190800000E-01
0.969	6.52	23.12	1.002300000E+18	1.240044436E+18	5.089577649E+14	1.296377003E+15	2.169669399E+15	2.379567541E+15	4.341124800E+15	4.017912837E+14	1.365523843E+15	4.339180000E+16	4.5924594061	1.188600000E-01
0.970	6.18	22.96	9.932000000E+17	1.228997343E+18	5.270075186E+14	1.304772256E+15	2.153525702E+15	2.354808361E+15	4.288493770E+15	3.968786410E+14	1.344823558E+15	4.314760000E+16	4.5207189687	1.186500000E-01
0.971	5.85	22.80	9.840000000E+17	1.218026557E+18	5.448992066E+14	1.312626071E+15	2.137024532E+15	2.330257579E+15	4.237043099E+15	3.927054896E+14	1.324354106E+15	4.289790000E+16	4.4503375304	1.184500000E-01
0.972	5.53	22.65	9.749000000E+17	1.207129539E+18	5.625742346E+14	1.319927884E+15	2.120176208E+15	2.305915893E+15	4.186763467E+15	3.892939271E+14	1.304112907E+15	4.264270000E+16	4.3812971330	1.182400000E-01
0.973	5.21	22.51	9.659000000E+17	1.196303675E+18	5.799730284E+14	1.326667829E+15	2.102991201E+15	2.281783900E+15	4.137645389E+15	3.866666120E+14	1.284097406E+15	4.238210000E+16	4.3135801361	1.180300000E-01
0.974	4.90	22.36	9.569000000E+17	1.185546275E+18	5.970353566E+14	1.332836771E+15	2.085480129E+15	2.257862092E+15	4.089679209E+15	3.848467714E+14	1.264305072E+15	4.211610000E+16	4.2471692426	1.178300000E-01
0.975	4.60	22.22	9.479000000E+17	1.174854579E+18	6.137006675E+14	1.338426316E+15	2.067653741E+15	2.234150866E+15	4.042855115E+15	3.838582092E+14	1.244733399E+15	4.184470000E+16	4.1820475518	1.176300000E-01
0.976	4.30	22.08	9.390000000E+17	1.164225746E+18	6.299084393E+14	1.343428838E+15	2.049522909E+15	2.210650523E+15	3.997163136E+15	3.837253141E+14	1.225379906E+15	4.156780000E+16	4.1181985557	1.174300000E-01
0.977	4.01	21.94	9.300000000E+17	1.153656862E+18	6.455985407E+14	1.347837493E+15	2.031098613E+15	2.187361273E+15	3.952593152E+15	3.844730677E+14	1.206242137E+15	4.128560000E+16	4.0556062086	1.172300000E-01
0.978	3.73	21.81	9.211000000E+17	1.143144934E+18	6.607115975E+14	1.351646233E+15	2.012391937E+15	2.164283237E+15	3.909134896E+15	3.861270529E+14	1.187317659E+15	4.099800000E+16	3.9942549523	1.170400000E-01
0.979	3.46	21.68	9.123000000E+17	1.132686887E+18	6.751893641E+14	1.354849824E+15	1.993414049E+15	2.141416451E+15	3.866777961E+15	3.887134620E+14	1.168604064E+15	4.070500000E+16	3.9341297603	1.168400000E-01
0.980	3.19	21.55	9.034000000E+17	1.122279571E+18	6.889750947E+14	1.357443856E+15	1.974176196E+15	2.118760867E+15	3.825511800E+15	3.922591048E+14	1.150098969E+15	4.040670000E+16	3.8752162257	1.166500000E-01
0.981	2.94	21.43	8.945000000E+17	1.111919751E+18	7.020139126E+14	1.359424752E+15	1.954689693E+15	2.096316359E+15	3.785325738E+15	3.967914174E+14	1.131800015E+15	4.010320000E+16	3.8175006014	1.164500000E-01
0.982	2.69	21.31	8.857000000E+17	1.101604112E+18	7.142531730E+14	1.360789777E+15	1.934965908E+15	2.074082725E+15	3.746208973E+15	4.023384705E+14	1.113704866E+15	3.979450000E+16	3.7609699072	1.162600000E-01
0.983	2.45	21.19	8.768000000E+17	1.091329253E+18	7.256428164E+14	1.361537045E+15	1.915016254E+15	2.052059686E+15	3.708150578E+15	4.089289781E+14	1.095811210E+15	3.948060000E+16	3.7056120169	1.160800000E-01
0.984	2.22	21.08	8.679000000E+17	1.081091691E+18	7.361357091E+14	1.361665524E+15	1.894852178E+15	2.030246895E+15	3.671139514E+15	4.165923055E+14	1.078116760E+15	3.916160000E+16	3.6514158039	1.158900000E-01
0.985	1.99	20.97	8.590000000E+17	1.070887858E+18	7.456879681E+14	1.361175035E+15	1.874485147E+15	2.008643934E+15	3.635164625E+15	4.253584789E+14	1.060619252E+15	3.883760000E+16	3.5983712925	1.157000000E-01
0.986	1.78	20.87	8.501000000E+17	1.060714096E+18	7.542592660E+14	1.360066258E+15	1.853926643E+15	1.987250322E+15	3.600214652E+15	4.352581934E+14	1.043316445E+15	3.850870000E+16	3.5464698444	1.155200000E-01
0.987	1.58	20.77	8.412000000E+17	1.050566663E+18	7.618131144E+14	1.358340724E+15	1.833188147E+15	1.966065511E+15	3.566278230E+15	4.463228220E+14	1.026206121E+15	3.817480000E+16	3.4957044344	1.153300000E-01
0.988	1.38	20.67	8.322000000E+17	1.040441725E+18	7.683171222E+14	1.356000815E+15	1.812281132E+15	1.945088897E+15	3.533343899E+15	4.585844247E+14	1.009286087E+15	3.783620000E+16	3.4460699537	1.151500000E-01
0.989	1.20	20.58	8.232000000E+17	1.030335360E+18	7.737432261E+14	1.353049761E+15	1.791217049E+15	1.924319814E+15	3.501400106E+15	4.720757572E+14	9.925541720E+14	3.749300000E+16	3.3975636541	1.149700000E-01
0.990	1.03	20.50	8.142000000E+17	1.020243554E+18	7.780678919E+14	1.349491626E+15	1.770007320E+15	1.903757542E+15	3.470435208E+15	4.868302800E+14	9.760082274E+14	3.714510000E+16	3.3501857103	1.147900000E-01
0.991	0.86	20.41	8.051000000E+17	1.010162201E+18	7.812722837E+14	1.345331305E+15	1.748663329E+15	1.883401307E+15	3.440437482E+15	5.028821676E+14	9.596461281E+14	3.679280000E+16	3.3039400060	1.146200000E-01
0.992	0.71	20.34	7.960000000E+17	1.000087100E+18	7.833424005E+14	1.340574509E+15	1.727196406E+15	1.863250286E+15	3.411395125E+15	5.202663174E+14	9.434657716E+14	3.643610000E+16	3.2588352273	1.144400000E-01
0.993	0.57	20.27	7.869000000E+17	9.900139574E+17	7.842691767E+14	1.335227753E+15	1.705617823E+15	1.843303605E+15	3.383296260E+15	5.390183592E+14	9.274650775E+14	3.607520000E+16	3.2148864733	1.142700000E-01
0.994	0.44	20.20	7.776000000E+17	9.799383819E+17	7.840485487E+14	1.329298340E+15	1.683938784E+15	1.823560344E+15	3.356128943E+15	5.591746643E+14	9.116419881E+14	3.571020000E+16	3.1721176622	1.140900000E-01
0.995	0.33	20.15	7.683000000E+17	9.698558860E+17	7.826814844E+14	1.322794348E+15	1.662170411E+15	1.804019539E+15	3.329881165E+15	5.807723551E+14	8.959944677E+14	3.534120000E+16	3.1305654009	1.139200000E-01
0.996	0.23	20.10	7.589000000E+17	9.597618833E+17	7.801739755E+14	1.315724608E+15	1.640323742E+15	1.784680185E+15	3.304540857E+15	6.038493142E+14	8.805205025E+14	3.496840000E+16	3.0902855798	1.137500000E-01
0.997	0.14	20.05	7.495000000E+17	9.496516881E+17	7.765369947E+14	1.308098683E+15	1.618409715E+15	1.765541233E+15	3.280095896E+15	6.284441943E+14	8.652181009E+14	3.459190000E+16	3.0513658050	1.135800000E-01
0.998	0.07	20.02	7.399000000E+17	9.395205136E+17	7.717864156E+14	1.299926851E+15	1.596439165E+15	1.746601601E+15	3.256534109E+15	6.545964276E+14	8.500852925E+14	3.421190000E+16	3.0139524904	1.134100000E-01
0.999	0.02	20.00	7.303000000E+17	9.293634711E+17	7.659428983E+14	1.291220078E+15	1.574422811E+15	1.727860167E+15	3.233843278E+15	6.823462353E+14	8.351201288E+14	3.382860000E+16	2.9783270941	1.132500000E-01
1.000	0.01	20.00	7.206000000E+17	9.191755683E+17	7.590317398E+14	1.281989994E+15	1.552371251E+15	1.709315775E+15	3.212011142E+15	7.117346377E+14	8.203206825E+14	3.344200000E+16	2.9453632288	1.130800000E-01